start_osm,end_osm,key,edge_osmid,name,type,oneway,length,access,geometry,service,lanes,maxmph,eid,nid_s,nid_e
110355652,8156954912,0,12189220,San Geronimo Valley Drive,residential,False,51.137,,"LINESTRING (-122.6445655 38.0128977, -122.6451492 38.0128952)",,1.0,20,0,0,104
110355652,110442476,0,12189220,San Geronimo Valley Drive,residential,False,31.236,,"LINESTRING (-122.6445655 38.0128977, -122.64421 38.0129192)",,1.0,20,1,0,61
110355759,110377358,0,620535165,Park Street,residential,False,41.343,,"LINESTRING (-122.6434051 38.0120605, -122.6431536 38.0123751)",,1.0,20,2,1,10
110355759,2393115846,0,12171454,,service,False,62.127,private,"LINESTRING (-122.6434051 38.0120605, -122.6432117 38.0119819, -122.6431673 38.0118688, -122.6431605 38.0117691, -122.6432425 38.0116129)",,1.0,20,3,1,77
110355759,2393115847,0,12174469,Park Street,residential,False,43.20399999999999,,"LINESTRING (-122.6434051 38.0120605, -122.6434294 38.0119837, -122.6434305 38.0118957, -122.6433992 38.0117812, -122.6433664 38.0116802)",,1.0,20,4,1,78
110355759,110377361,0,12174475,Park Street,residential,False,50.86,,"LINESTRING (-122.6434051 38.0120605, -122.6434996 38.0120158, -122.6436483 38.0119582, -122.643728 38.0119415, -122.643948 38.0119658)",,1.0,20,5,1,11
110355759,110377361,1,"[687879553, 620535156]",Park Street,residential,False,57.583,,"LINESTRING (-122.6434051 38.0120605, -122.6434839 38.0121053, -122.6435479 38.0121285, -122.6436295 38.0121391, -122.643704 38.0121327, -122.6438061 38.0120977, -122.6438816 38.0120415, -122.643948 38.0119658)",,1.0,20,6,1,11
110359283,110389263,0,12176360,Castle Rock Avenue,residential,False,223.456,,"LINESTRING (-122.6327684 38.0045648, -122.632792 38.004629, -122.6332724 38.0048301, -122.633423 38.004899, -122.6337751 38.004968, -122.6338755 38.0050933, -122.6341935 38.0055547, -122.6343929 38.0059418)",,1.0,20,7,2,15
110359283,2607367908,0,"[12176360, 12184743]","['Laurel Avenue', 'Castle Rock Avenue']",residential,False,1000.668,,"LINESTRING (-122.6327684 38.0045648, -122.6324074 38.0043427, -122.6322488 38.0041104, -122.6323369 38.0040921, -122.6324986 38.0041154, -122.6326673 38.004267, -122.6327524 38.0043479, -122.6329062 38.0043448, -122.6332408 38.0043615, -122.633834 38.0043356, -122.6339759 38.0041811, -122.6340551 38.0039609, -122.6344284 38.0031644, -122.634825 38.0029445, -122.6347956 38.0029271, -122.634794 38.0028306, -122.6347442 38.0028461, -122.634612 38.0024873, -122.6346121 38.0024489, -122.6346243 38.0024045, -122.6346335 38.0023843, -122.6346554 38.0023554, -122.634836 38.002204, -122.6353045 38.0020219, -122.6353361 38.0018257, -122.6353005 38.0016685, -122.6351792 38.0014874, -122.6350212 38.0012804, -122.634844 38.0011575, -122.6346814 38.0011094, -122.6346117 38.0010127, -122.6346855 38.0008926, -122.634849 38.0005967, -122.6348754 38.0004006, -122.6353295 38.0002202, -122.6355486 38.0002337, -122.6357809 38.0001604, -122.6361043 38.000156, -122.6364511 38.0002153, -122.6366236 38.0000087, -122.6367955 37.9994054)",,1.0,20,8,2,84
110359283,110390211,0,"[256219637, 12184734, 256219639]",Laurel Avenue,"['track', 'residential']",False,262.414,,"LINESTRING (-122.6327684 38.0045648, -122.6325534 38.0048544, -122.6323762 38.0052195, -122.6324416 38.0054878, -122.6323216 38.0058005, -122.6322694 38.005857, -122.632205 38.0060459, -122.6321774 38.0061333, -122.6320766 38.006422, -122.6324885 38.0066171)",,1.0,20,9,2,20
110370198,110370204,0,12173034,,service,False,37.781,private,"LINESTRING (-122.639722 38.007508, -122.639995 38.007451, -122.640039 38.007339)",,1.0,20,10,3,4
110370198,110370696,0,12190288,Carson Road,residential,False,116.686,,"LINESTRING (-122.639722 38.007508, -122.639592 38.007474, -122.639484 38.007409, -122.639449 38.007342, -122.639452 38.007271, -122.6396931 38.0070244, -122.6397748 38.0068417, -122.6398189 38.0066591)",,1.0,20,11,3,5
110370198,110393307,0,12190288,Carson Road,residential,False,347.942,,"LINESTRING (-122.639722 38.007508, -122.639995 38.007535, -122.640454 38.00754, -122.640665 38.007603, -122.640895 38.007722, -122.640988 38.007801, -122.64103 38.007865, -122.641033 38.007937, -122.640988 38.008114, -122.64099 38.008186, -122.641044 38.008398, -122.641085 38.008462, -122.641222 38.008605, -122.641422 38.008755, -122.641636 38.008889, -122.641763 38.008928, -122.641849 38.008907, -122.64193 38.008822, -122.641913 38.0085, -122.641936 38.008431, -122.6419985 38.0083766)",,1.0,20,12,3,22
110370204,110370198,0,12173034,,service,False,37.781,private,"LINESTRING (-122.640039 38.007339, -122.639995 38.007451, -122.639722 38.007508)",,1.0,20,13,4,3
110370696,110370198,0,12190288,Carson Road,residential,False,116.686,,"LINESTRING (-122.6398189 38.0066591, -122.6397748 38.0068417, -122.6396931 38.0070244, -122.639452 38.007271, -122.639449 38.007342, -122.639484 38.007409, -122.639592 38.007474, -122.639722 38.007508)",,1.0,20,14,5,3
110370696,110385113,0,12190291,Carson Road,residential,False,117.15,,"LINESTRING (-122.6398189 38.0066591, -122.6397172 38.0066145, -122.6395618 38.0065953, -122.6385333 38.0068082)",,1.0,20,15,5,14
110370696,110425771,0,12190291,Carson Road,residential,False,55.809,,"LINESTRING (-122.6398189 38.0066591, -122.6399775 38.0066623, -122.6402635 38.0065475, -122.6402812 38.0064243)",,1.0,20,16,5,54
110371821,110390206,0,256193078,Pine Way,residential,False,225.913,,"LINESTRING (-122.6311118 38.0057868, -122.6312461 38.0061098, -122.6312185 38.0063874, -122.6312492 38.0064706, -122.6312925 38.0065632, -122.63111 38.0070727, -122.6312832 38.0072896, -122.6318446 38.0072883)",,1.0,20,17,6,19
110371821,7353507152,0,786450964,Pine Way,service,False,96.995,private,"LINESTRING (-122.6311118 38.0057868, -122.6310803 38.0056717, -122.6310714 38.0056187, -122.6310024 38.0054165, -122.6309086 38.0052506, -122.6308467 38.005192, -122.6307494 38.0051153, -122.6306096 38.0050554)",driveway,1.0,20,18,6,98
110371821,2618772538,0,903563920,Pine Way,service,False,81.952,private,"LINESTRING (-122.6311118 38.0057868, -122.6308777 38.0058312, -122.6307047 38.0059465, -122.6302437 38.0058831)",driveway,1.0,20,19,6,91
110371884,110393348,0,12176904,Madrone Avenue,residential,False,273.73,,"LINESTRING (-122.6384135 38.0032815, -122.6383744 38.0037601, -122.6384796 38.0039106, -122.6387912 38.0039551, -122.6391337 38.00395, -122.6397524 38.0038548, -122.6401532 38.0036775, -122.6406446 38.0034861)",,1.0,20,20,7,25
110371884,110405763,0,12178400,Redwood Drive,residential,False,309.384,,"LINESTRING (-122.6384135 38.0032815, -122.6381262 38.0037387, -122.6380071 38.0038914, -122.6378895 38.0039924, -122.6378662 38.0042307, -122.6379186 38.0044458, -122.638041 38.00469, -122.6384649 38.0049073, -122.6385659 38.0050458, -122.6383214 38.0052216, -122.6381169 38.0053572, -122.6380491 38.0055558)",,1.0,20,21,7,30
110371884,110405733,0,12178400,Redwood Drive,residential,False,237.241,,"LINESTRING (-122.6384135 38.0032815, -122.6383242 38.0031596, -122.6382727 38.003009, -122.6383021 38.0029421, -122.6381102 38.0024967, -122.6380903 38.0023329, -122.6381398 38.0021848, -122.6381178 38.0018828, -122.6380956 38.0015214, -122.6380204 38.0012134)",,1.0,20,22,7,29
110377352,110377354,0,620535166,Park Street,residential,False,38.655,,"LINESTRING (-122.642932 38.013339, -122.6429075 38.0129919)",,1.0,20,23,8,9
110377352,110442476,0,12189220,San Geronimo Valley Drive,residential,False,121.502,,"LINESTRING (-122.642932 38.013339, -122.6431912 38.0132263, -122.6435539 38.0131137, -122.64421 38.0129192)",,1.0,20,24,8,61
110377354,110377352,0,620535166,Park Street,residential,False,38.655,,"LINESTRING (-122.6429075 38.0129919, -122.642932 38.013339)",,1.0,20,25,9,8
110377354,110416523,0,"[12190618, 12187462]","['Taylor Avenue', 'Taylor Hill Avenue']",residential,False,214.495,,"LINESTRING (-122.6429075 38.0129919, -122.6427331 38.0127468, -122.6426066 38.0125152, -122.6425143 38.0124371, -122.6423673 38.0124048, -122.6422374 38.0123967, -122.642094 38.012422, -122.6417498 38.0124082, -122.6415267 38.0123557, -122.6409516 38.0121552)",,1.0,20,26,9,45
110377354,110377358,0,620535166,Park Street,residential,False,72.869,,"LINESTRING (-122.6429075 38.0129919, -122.6429622 38.0126768, -122.6431536 38.0123751)",,1.0,20,27,9,10
110377358,110410595,0,12187565,Central Avenue,residential,False,168.328,,"LINESTRING (-122.6431536 38.0123751, -122.6415161 38.0115832)",,1.0,20,28,10,42
110377358,110442476,0,12187565,Central Avenue,residential,False,110.57,,"LINESTRING (-122.6431536 38.0123751, -122.64421 38.0129192)",,1.0,20,29,10,61
110377358,110355759,0,620535165,Park Street,residential,False,41.343,,"LINESTRING (-122.6431536 38.0123751, -122.6434051 38.0120605)",,1.0,20,30,10,1
110377358,110377354,0,620535166,Park Street,residential,False,72.869,,"LINESTRING (-122.6431536 38.0123751, -122.6429622 38.0126768, -122.6429075 38.0129919)",,1.0,20,31,10,9
110377361,2393115847,0,12178908,Railroad Avenue,residential,False,60.04,,"LINESTRING (-122.643948 38.0119658, -122.6433664 38.0116802)",,1.0,20,32,11,78
110377361,110377366,0,12174466,Park Street,residential,False,127.465,,"LINESTRING (-122.643948 38.0119658, -122.6440767 38.0117933, -122.64421 38.0116587, -122.6445963 38.0115375, -122.6447789 38.0113899, -122.6449575 38.0111933)",,1.0,20,33,11,12
110377361,110355759,0,12174475,Park Street,residential,False,50.85999999999999,,"LINESTRING (-122.643948 38.0119658, -122.643728 38.0119415, -122.6436483 38.0119582, -122.6434996 38.0120158, -122.6434051 38.0120605)",,1.0,20,34,11,1
110377361,110355759,1,"[687879553, 620535156]",Park Street,residential,False,57.583,,"LINESTRING (-122.643948 38.0119658, -122.6438816 38.0120415, -122.6438061 38.0120977, -122.643704 38.0121327, -122.6436295 38.0121391, -122.6435479 38.0121285, -122.6434839 38.0121053, -122.6434051 38.0120605)",,1.0,20,35,11,1
110377361,8156954911,0,620535167,Railroad Avenue,residential,False,139.471,,"LINESTRING (-122.643948 38.0119658, -122.6449416 38.0124667, -122.6452979 38.0126303)",,1.0,20,36,11,103
110377366,110377361,0,12174466,Park Street,residential,False,127.465,,"LINESTRING (-122.6449575 38.0111933, -122.6447789 38.0113899, -122.6445963 38.0115375, -122.64421 38.0116587, -122.6440767 38.0117933, -122.643948 38.0119658)",,1.0,20,37,12,11
110377366,110377371,0,12174466,Park Street,residential,False,195.106,,"LINESTRING (-122.6449575 38.0111933, -122.6450768 38.0110314, -122.6451545 38.0109324, -122.6452493 38.010931, -122.6452932 38.0108895, -122.6453757 38.0107637, -122.6454723 38.010736, -122.6453968 38.0105438, -122.64528 38.0104222, -122.6452124 38.010166, -122.6450943 38.0098809, -122.6449829 38.0097187)",,1.0,20,38,12,13
110377366,110405696,0,12178389,Redwood Drive,residential,False,608.4330000000001,,"LINESTRING (-122.6449575 38.0111933, -122.6443851 38.0110545, -122.6437591 38.0107626, -122.6430244 38.0106619, -122.6428197 38.0105592, -122.642223 38.010145, -122.641565 38.0099552, -122.6408694 38.0095565, -122.6405638 38.0092917, -122.6397913 38.0088096, -122.6393716 38.0084549, -122.6392152 38.0083345)",,1.0,20,39,12,27
110377366,110405674,0,12178389,Redwood Drive,residential,False,288.934,,"LINESTRING (-122.6449575 38.0111933, -122.6450773 38.0112104, -122.6452392 38.0112676, -122.6453336 38.0113529, -122.6454231 38.0113764, -122.6455622 38.0114039, -122.6457297 38.0115246, -122.6458427 38.011642, -122.6460211 38.0118107, -122.6460972 38.011931, -122.6461271 38.012032, -122.646266 38.012037, -122.647408 38.012783)",,1.0,20,40,12,26
110377371,110377366,0,12174466,Park Street,residential,False,195.106,,"LINESTRING (-122.6449829 38.0097187, -122.6450943 38.0098809, -122.6452124 38.010166, -122.64528 38.0104222, -122.6453968 38.0105438, -122.6454723 38.010736, -122.6453757 38.0107637, -122.6452932 38.0108895, -122.6452493 38.010931, -122.6451545 38.0109324, -122.6450768 38.0110314, -122.6449575 38.0111933)",,1.0,20,41,13,12
110377371,110427847,0,12180359,Conifer Way,residential,False,488.39699999999993,,"LINESTRING (-122.6449829 38.0097187, -122.6448655 38.0099663, -122.6445269 38.010379, -122.6442011 38.0104092, -122.643718 38.009962, -122.643262 38.0098102, -122.6429426 38.0096039, -122.6427765 38.0090502, -122.6426231 38.0087079, -122.6430064 38.0082549, -122.6434 38.0077425)",,1.0,20,42,13,57
110385113,110405772,0,12178400,Redwood Drive,residential,False,33.183,,"LINESTRING (-122.6385333 38.0068082, -122.6384135 38.0065251)",,1.0,20,43,14,31
110385113,110405696,0,"[12178389, 12175670]","['Redwood Road', 'Redwood Drive']",residential,False,185.088,,"LINESTRING (-122.6385333 38.0068082, -122.6385785 38.0068901, -122.6386126 38.0070787, -122.638617 38.0074992, -122.6386448 38.0075747, -122.6386911 38.0076794, -122.6387812 38.007807, -122.6389002 38.0079584, -122.6392152 38.0083345)",,1.0,20,44,14,27
110385113,110442073,0,12190291,Carson Road,residential,False,91.103,,"LINESTRING (-122.6385333 38.0068082, -122.6383427 38.0071809, -122.6380653 38.0075366)",,1.0,20,45,14,59
110385113,110370696,0,12190291,Carson Road,residential,False,117.15,,"LINESTRING (-122.6385333 38.0068082, -122.6395618 38.0065953, -122.6397172 38.0066145, -122.6398189 38.0066591)",,1.0,20,46,14,5
110389263,110389269,0,12176360,Castle Rock Avenue,residential,False,114.188,,"LINESTRING (-122.6343929 38.0059418, -122.6345879 38.0062867, -122.6349659 38.0068637)",,1.0,20,47,15,16
110389263,110359283,0,12176360,Castle Rock Avenue,residential,False,223.456,,"LINESTRING (-122.6343929 38.0059418, -122.6341935 38.0055547, -122.6338755 38.0050933, -122.6337751 38.004968, -122.633423 38.004899, -122.6332724 38.0048301, -122.632792 38.004629, -122.6327684 38.0045648)",,1.0,20,48,15,2
110389263,110390230,0,12176524,Elm Avenue,residential,False,200.107,,"LINESTRING (-122.6343929 38.0059418, -122.6345543 38.0056113, -122.6347169 38.0054553, -122.6349645 38.0052014, -122.6357899 38.0045459)",,1.0,20,49,15,21
110389263,110390211,0,12176524,Elm Avenue,residential,False,221.724,,"LINESTRING (-122.6343929 38.0059418, -122.6340862 38.0060128, -122.6338532 38.0060161, -122.63328 38.005873, -122.6329727 38.0058944, -122.6327279 38.0060884, -122.6326279 38.0062085, -122.6325598 38.0063465, -122.6324885 38.0066171)",,1.0,20,50,15,20
110389269,110389271,0,12176360,Castle Rock Avenue,residential,False,69.38,,"LINESTRING (-122.6349659 38.0068637, -122.6353477 38.0069848, -122.6357271 38.0070054)",,1.0,20,51,16,17
110389269,110389263,0,12176360,Castle Rock Avenue,residential,False,114.188,,"LINESTRING (-122.6349659 38.0068637, -122.6345879 38.0062867, -122.6343929 38.0059418)",,1.0,20,52,16,15
110389269,2614020517,0,255724928,,service,False,56.509,,"LINESTRING (-122.6349659 38.0068637, -122.6347137 38.0070706, -122.6345111 38.0072239)",,1.0,20,53,16,88
110389271,8005590449,0,12189972,Crescent Drive,residential,False,15.151,,"LINESTRING (-122.6357271 38.0070054, -122.635632 38.0068916)",,1.0,20,54,17,101
110389271,110389273,0,12176360,Castle Rock Avenue,residential,False,55.787,,"LINESTRING (-122.6357271 38.0070054, -122.6360108 38.0071204, -122.636328 38.0071343)",,1.0,20,55,17,18
110389271,110389269,0,12176360,Castle Rock Avenue,residential,False,69.38,,"LINESTRING (-122.6357271 38.0070054, -122.6353477 38.0069848, -122.6349659 38.0068637)",,1.0,20,56,17,16
110389273,8005590451,0,12176360,Castle Rock Avenue,residential,False,14.874,,"LINESTRING (-122.636328 38.0071343, -122.6364945 38.0071604)",,1.0,20,57,18,102
110389273,110389271,0,12176360,Castle Rock Avenue,residential,False,55.787,,"LINESTRING (-122.636328 38.0071343, -122.6360108 38.0071204, -122.6357271 38.0070054)",,1.0,20,58,18,17
110389273,8005590444,0,858796029,,service,True,10.498,,"LINESTRING (-122.636328 38.0071343, -122.6363379 38.0070878, -122.6363479 38.0070412)",,1.0,20,59,18,99
110390206,110453827,0,12189869,Elm Court,residential,False,22.552,,"LINESTRING (-122.6318446 38.0072883, -122.6320222 38.0074351)",,1.0,20,60,19,67
110390206,110390211,0,12176524,Elm Avenue,residential,False,96.78,,"LINESTRING (-122.6318446 38.0072883, -122.6322905 38.0070081, -122.6324885 38.0066171)",,1.0,20,61,19,20
110390206,110371821,0,256193078,Pine Way,residential,False,225.913,,"LINESTRING (-122.6318446 38.0072883, -122.6312832 38.0072896, -122.63111 38.0070727, -122.6312925 38.0065632, -122.6312492 38.0064706, -122.6312185 38.0063874, -122.6312461 38.0061098, -122.6311118 38.0057868)",,1.0,20,62,19,6
110390211,110389263,0,12176524,Elm Avenue,residential,False,221.724,,"LINESTRING (-122.6324885 38.0066171, -122.6325598 38.0063465, -122.6326279 38.0062085, -122.6327279 38.0060884, -122.6329727 38.0058944, -122.63328 38.005873, -122.6338532 38.0060161, -122.6340862 38.0060128, -122.6343929 38.0059418)",,1.0,20,63,20,15
110390211,110390206,0,12176524,Elm Avenue,residential,False,96.78,,"LINESTRING (-122.6324885 38.0066171, -122.6322905 38.0070081, -122.6318446 38.0072883)",,1.0,20,64,20,19
110390211,2614020517,0,12178908,Railroad Avenue,residential,False,204.833,,"LINESTRING (-122.6324885 38.0066171, -122.6331933 38.0065589, -122.633656 38.0066312, -122.6341591 38.0068714, -122.6345111 38.0072239)",,1.0,20,65,20,88
110390211,110359283,0,"[256219637, 12184734, 256219639]",Laurel Avenue,"['track', 'residential']",False,262.414,,"LINESTRING (-122.6324885 38.0066171, -122.6320766 38.006422, -122.6321774 38.0061333, -122.632205 38.0060459, -122.6322694 38.005857, -122.6323216 38.0058005, -122.6324416 38.0054878, -122.6323762 38.0052195, -122.6325534 38.0048544, -122.6327684 38.0045648)",,1.0,20,66,20,2
110390230,110389263,0,12176524,Elm Avenue,residential,False,200.107,,"LINESTRING (-122.6357899 38.0045459, -122.6349645 38.0052014, -122.6347169 38.0054553, -122.6345543 38.0056113, -122.6343929 38.0059418)",,1.0,20,67,21,15
110390230,2613936043,0,12187492,Oak Grove Avenue,residential,False,334.41400000000004,,"LINESTRING (-122.6357899 38.0045459, -122.6358328 38.004165, -122.6358689 38.0039172, -122.6359381 38.0037149, -122.6360093 38.0035261, -122.6361048 38.003258, -122.6361745 38.0030648, -122.6361958 38.0029035, -122.6363417 38.0026732, -122.636393 38.002423, -122.6365197 38.0022716, -122.6365301 38.0021447, -122.6364314 38.0017723, -122.6364522 38.0016455)",,1.0,20,68,21,87
110390230,110442078,0,12187492,Oak Grove Avenue,residential,False,107.387,,"LINESTRING (-122.6357899 38.0045459, -122.6360247 38.0048149, -122.6362562 38.0054276)",,1.0,20,69,21,60
110393307,110393315,0,12176901,Madrone Avenue,residential,False,131.142,,"LINESTRING (-122.6419985 38.0083766, -122.642107 38.008196, -122.642055 38.008136, -122.642031 38.008066, -122.642041 38.007885, -122.641985 38.007708, -122.641963 38.007528, -122.641855 38.007411, -122.64172 38.007312)",,1.0,20,70,22,23
110393307,110370198,0,12190288,Carson Road,residential,False,347.942,,"LINESTRING (-122.6419985 38.0083766, -122.641936 38.008431, -122.641913 38.0085, -122.64193 38.008822, -122.641849 38.008907, -122.641763 38.008928, -122.641636 38.008889, -122.641422 38.008755, -122.641222 38.008605, -122.641085 38.008462, -122.641044 38.008398, -122.64099 38.008186, -122.640988 38.008114, -122.641033 38.007937, -122.64103 38.007865, -122.640988 38.007801, -122.640895 38.007722, -122.640665 38.007603, -122.640454 38.00754, -122.639995 38.007535, -122.639722 38.007508)",,1.0,20,71,22,3
110393307,110427847,0,12190288,Carson Road,residential,False,147.16799999999998,,"LINESTRING (-122.6419985 38.0083766, -122.642256 38.00831, -122.64241 38.008232, -122.642544 38.008134, -122.642694 38.008051, -122.642947 38.007968, -122.643014 38.007919, -122.643084 38.007826, -122.643227 38.007737, -122.643363 38.007734, -122.6434 38.0077425)",,1.0,20,72,22,57
110393315,110393332,0,12176901,Madrone Avenue,residential,False,371.06,,"LINESTRING (-122.64172 38.007312, -122.6416823 38.0073344, -122.6416427 38.0073279, -122.6416064 38.0072954, -122.6415766 38.0072525, -122.641558 38.007199, -122.641533 38.007092, -122.641535 38.00691, -122.641619 38.00678, -122.641819 38.006629, -122.641868 38.006567, -122.641892 38.006497, -122.641853 38.006319, -122.64186 38.006138, -122.641919 38.006039, -122.6420518 38.0058972, -122.642139 38.005804, -122.642365 38.005528, -122.642366 38.00542, -122.642307 38.005365, -122.642226 38.005332, -122.641723 38.005274, -122.641422 38.005183, -122.641265 38.005105, -122.6410766 38.0050114)",,1.0,20,73,23,24
110393315,110393307,0,12176901,Madrone Avenue,residential,False,131.142,,"LINESTRING (-122.64172 38.007312, -122.641855 38.007411, -122.641963 38.007528, -122.641985 38.007708, -122.642041 38.007885, -122.642031 38.008066, -122.642055 38.008136, -122.642107 38.008196, -122.6419985 38.0083766)",,1.0,20,74,23,22
110393315,110421919,0,12190011,Maple Road,residential,False,189.774,,"LINESTRING (-122.64172 38.007312, -122.641719 38.007214, -122.641763 38.007071, -122.6417995 38.0070235, -122.641859 38.006989, -122.642222 38.006911, -122.642442 38.006844, -122.642914 38.006601, -122.642993 38.006509, -122.643038 38.006366, -122.643132 38.006221)",,1.0,20,75,23,49
110393332,110393315,0,12176901,Madrone Avenue,residential,False,371.06,,"LINESTRING (-122.6410766 38.0050114, -122.641265 38.005105, -122.641422 38.005183, -122.641723 38.005274, -122.642226 38.005332, -122.642307 38.005365, -122.642366 38.00542, -122.642365 38.005528, -122.642139 38.005804, -122.6420518 38.0058972, -122.641919 38.006039, -122.64186 38.006138, -122.641853 38.006319, -122.641892 38.006497, -122.641868 38.006567, -122.641819 38.006629, -122.641619 38.00678, -122.641535 38.00691, -122.641533 38.007092, -122.641558 38.007199, -122.6415766 38.0072525, -122.6416064 38.0072954, -122.6416427 38.0073279, -122.6416823 38.0073344, -122.64172 38.007312)",,1.0,20,76,24,23
110393332,110393348,0,12176904,Madrone Avenue,residential,False,277.206,,"LINESTRING (-122.6410766 38.0050114, -122.6411909 38.0046697, -122.6412269 38.0044877, -122.6411849 38.0043202, -122.64111 38.004072, -122.6411591 38.003934, -122.6412832 38.0037475, -122.6415377 38.0033965, -122.6413563 38.003308, -122.6410955 38.0034262, -122.6407653 38.0034991, -122.6406446 38.0034861)",,1.0,20,77,24,25
110393332,110425794,0,12183530,Rockridge Road,residential,False,240.918,,"LINESTRING (-122.6410766 38.0050114, -122.6414409 38.0049645, -122.6417451 38.0048651, -122.6422336 38.0048436, -122.6428678 38.0045328, -122.6435537 38.0041858)",,1.0,20,78,24,55
110393332,110425771,0,12183530,Rockridge Road,residential,False,359.316,,"LINESTRING (-122.6410766 38.0050114, -122.6407853 38.0050344, -122.6402307 38.0049215, -122.6398562 38.0049646, -122.6396456 38.0051556, -122.6393956 38.0053068, -122.6392616 38.0053795, -122.639178 38.0055865, -122.6391647 38.0057334, -122.6391818 38.0059727, -122.6392935 38.0061274, -122.6398599 38.0063511, -122.6400685 38.0063802, -122.6402812 38.0064243)",,1.0,20,79,24,54
110393332,110446110,0,12188204,Lillard,residential,False,106.8,private,"LINESTRING (-122.6410766 38.0050114, -122.6412403 38.0047696, -122.6416291 38.0044779, -122.6417608 38.0042358)",,1.0,20,80,24,64
110393348,110371884,0,12176904,Madrone Avenue,residential,False,273.73,,"LINESTRING (-122.6406446 38.0034861, -122.6401532 38.0036775, -122.6397524 38.0038548, -122.6391337 38.00395, -122.6387912 38.0039551, -122.6384796 38.0039106, -122.6383744 38.0037601, -122.6384135 38.0032815)",,1.0,20,81,25,7
110393348,110393332,0,12176904,Madrone Avenue,residential,False,277.206,,"LINESTRING (-122.6406446 38.0034861, -122.6407653 38.0034991, -122.6410955 38.0034262, -122.6413563 38.003308, -122.6415377 38.0033965, -122.6412832 38.0037475, -122.6411591 38.003934, -122.64111 38.004072, -122.6411849 38.0043202, -122.6412269 38.0044877, -122.6411909 38.0046697, -122.6410766 38.0050114)",,1.0,20,82,25,24
110393348,2394608732,0,"[12186049, 12189233]","['Edgewood Drive', 'Edgewood Road']",residential,False,244.265,,"LINESTRING (-122.6406446 38.0034861, -122.640408 38.0032974, -122.6400974 38.0031911, -122.6400379 38.0031707, -122.6398285 38.0031707, -122.6394436 38.0027752, -122.6390721 38.0024402, -122.63888 38.002097, -122.6387708 38.0019994)",,1.0,20,83,25,80
110405674,110377366,0,12178389,Redwood Drive,residential,False,288.934,,"LINESTRING (-122.647408 38.012783, -122.646266 38.012037, -122.6461271 38.012032, -122.6460972 38.011931, -122.6460211 38.0118107, -122.6458427 38.011642, -122.6457297 38.0115246, -122.6455622 38.0114039, -122.6454231 38.0113764, -122.6453336 38.0113529, -122.6452392 38.0112676, -122.6450773 38.0112104, -122.6449575 38.0111933)",,1.0,20,84,26,12
110405674,110408707,0,620535170,San Geronimo Valley Drive,residential,False,135.462,,"LINESTRING (-122.647408 38.012783, -122.6464311 38.0128562, -122.645868 38.012892)",,1.0,20,85,26,38
110405696,110385113,0,"[12178389, 12175670]","['Redwood Road', 'Redwood Drive']",residential,False,185.088,,"LINESTRING (-122.6392152 38.0083345, -122.6389002 38.0079584, -122.6387812 38.007807, -122.6386911 38.0076794, -122.6386448 38.0075747, -122.638617 38.0074992, -122.6386126 38.0070787, -122.6385785 38.0068901, -122.6385333 38.0068082)",,1.0,20,86,27,14
110405696,110377366,0,12178389,Redwood Drive,residential,False,608.4330000000001,,"LINESTRING (-122.6392152 38.0083345, -122.6393716 38.0084549, -122.6397913 38.0088096, -122.6405638 38.0092917, -122.6408694 38.0095565, -122.641565 38.0099552, -122.642223 38.010145, -122.6428197 38.0105592, -122.6430244 38.0106619, -122.6437591 38.0107626, -122.6443851 38.0110545, -122.6449575 38.0111933)",,1.0,20,87,27,12
110405696,2506294904,0,12190468,Fern Avenue,residential,False,85.007,,"LINESTRING (-122.6392152 38.0083345, -122.6391821 38.0082178, -122.6394259 38.0080539, -122.6399216 38.0080162)",,1.0,20,88,27,82
110405732,110405733,0,12178400,Redwood Drive,residential,False,45.364,,"LINESTRING (-122.6378333 38.000833, -122.6380204 38.0012134)",,1.0,20,89,28,29
110405732,2607367908,0,12189233,Edgewood Drive,residential,False,211.752,,"LINESTRING (-122.6378333 38.000833, -122.6377358 38.000505, -122.6378287 38.0001532, -122.6375615 38.0000271, -122.6370571 37.9998167, -122.6369375 37.9995602, -122.6369129 37.9994527, -122.6369025 37.9994073, -122.6367955 37.9994054)",,1.0,20,90,28,84
110405732,2506294862,0,12189233,Edgewood Drive,residential,False,133.533,,"LINESTRING (-122.6378333 38.000833, -122.6385103 38.0012487, -122.6387514 38.0014899, -122.6388576 38.0016907)",,1.0,20,91,28,81
110405733,110405732,0,12178400,Redwood Drive,residential,False,45.364,,"LINESTRING (-122.6380204 38.0012134, -122.6378333 38.000833)",,1.0,20,92,29,28
110405733,110371884,0,12178400,Redwood Drive,residential,False,237.241,,"LINESTRING (-122.6380204 38.0012134, -122.6380956 38.0015214, -122.6381178 38.0018828, -122.6381398 38.0021848, -122.6380903 38.0023329, -122.6381102 38.0024967, -122.6383021 38.0029421, -122.6382727 38.003009, -122.6383242 38.0031596, -122.6384135 38.0032815)",,1.0,20,93,29,7
110405733,2607367913,0,12180491,Salix Avenue,residential,False,156.332,,"LINESTRING (-122.6380204 38.0012134, -122.6378743 38.0011081, -122.637756 38.0009313, -122.6375088 38.000756, -122.6372675 38.000638, -122.6371701 38.0005909, -122.6366104 38.0007649)",,1.0,20,94,29,85
110405763,110405772,0,12178400,Redwood Drive,residential,False,112.635,,"LINESTRING (-122.6380491 38.0055558, -122.6381123 38.0057642, -122.6381927 38.00605, -122.6384135 38.0065251)",,1.0,20,95,30,31
110405763,110371884,0,12178400,Redwood Drive,residential,False,309.384,,"LINESTRING (-122.6380491 38.0055558, -122.6381169 38.0053572, -122.6383214 38.0052216, -122.6385659 38.0050458, -122.6384649 38.0049073, -122.638041 38.00469, -122.6379186 38.0044458, -122.6378662 38.0042307, -122.6378895 38.0039924, -122.6380071 38.0038914, -122.6381262 38.0037387, -122.6384135 38.0032815)",,1.0,20,96,30,7
110405763,110414638,0,12189972,Crescent Drive,residential,False,100.922,,"LINESTRING (-122.6380491 38.0055558, -122.6379282 38.0055486, -122.6376667 38.0055329, -122.6373188 38.0055106, -122.6369028 38.0054691)",,1.0,20,97,30,43
110405772,110385113,0,12178400,Redwood Drive,residential,False,33.183,,"LINESTRING (-122.6384135 38.0065251, -122.6385333 38.0068082)",,1.0,20,98,31,14
110405772,110421437,0,12182306,Garden Way,residential,False,85.854,,"LINESTRING (-122.6384135 38.0065251, -122.6374596 38.0067018)",,1.0,20,99,31,47
110405772,110405763,0,12178400,Redwood Drive,residential,False,112.635,,"LINESTRING (-122.6384135 38.0065251, -122.6381927 38.00605, -122.6381123 38.0057642, -122.6380491 38.0055558)",,1.0,20,100,31,30
110405832,6169955647,0,12183518,White Hill Fire Road,track,False,26.7,,"LINESTRING (-122.6506661 37.9954049, -122.6506073 37.9953928, -122.6505285 37.9953813, -122.6504798 37.9953706, -122.6504474 37.9953584, -122.650415 37.9953514, -122.6503714 37.9953539)",,1.0,20,101,32,97
110408698,2614020517,0,12178908,Railroad Avenue,residential,False,49.191,,"LINESTRING (-122.634908 38.0075368, -122.6345111 38.0072239)",,1.0,20,102,33,88
110408698,110408700,0,12178908,Railroad Avenue,residential,False,150.202,,"LINESTRING (-122.634908 38.0075368, -122.6361286 38.0078811, -122.6364221 38.0081155)",,1.0,20,103,33,34
110408698,8280616022,0,"[12190658, 12186418]","['Fire Road', 'Pine Avenue']",residential,False,201.307,,"LINESTRING (-122.634908 38.0075368, -122.6344775 38.0076903, -122.6341057 38.0078524, -122.6340972 38.0079212, -122.6341474 38.0079861, -122.6345004 38.0081331, -122.6349076 38.0080461, -122.6352113 38.0081857, -122.6352081 38.0082197)",,1.0,20,104,33,109
110408700,110408702,0,12178908,Railroad Avenue,residential,False,115.439,,"LINESTRING (-122.6364221 38.0081155, -122.6368023 38.00835, -122.6370473 38.0085396, -122.6372355 38.008643, -122.6374522 38.0087589)",,1.0,20,105,34,35
110408700,110408698,0,12178908,Railroad Avenue,residential,False,150.202,,"LINESTRING (-122.6364221 38.0081155, -122.6361286 38.0078811, -122.634908 38.0075368)",,1.0,20,106,34,33
110408700,110416526,0,12187563,Central Avenue,residential,False,83.126,,"LINESTRING (-122.6364221 38.0081155, -122.6363841 38.0085242, -122.6363415 38.0088603)",,1.0,20,107,34,46
110408702,110408704,0,12178908,Railroad Avenue,residential,False,32.255,,"LINESTRING (-122.6374522 38.0087589, -122.6377898 38.0088746)",,1.0,20,108,35,36
110408702,110408700,0,12178908,Railroad Avenue,residential,False,115.439,,"LINESTRING (-122.6374522 38.0087589, -122.6372355 38.008643, -122.6370473 38.0085396, -122.6368023 38.00835, -122.6364221 38.0081155)",,1.0,20,109,35,34
110408702,110457276,0,12190292,Carson Road,residential,False,48.624,,"LINESTRING (-122.6374522 38.0087589, -122.6374888 38.0088772, -122.6375303 38.0090183, -122.6375867 38.0091831)",,1.0,20,110,35,68
110408704,8156990657,0,12178908,Railroad Avenue,residential,False,37.471,,"LINESTRING (-122.6377898 38.0088746, -122.638145 38.0090623)",,1.0,20,111,36,108
110408704,110408702,0,12178908,Railroad Avenue,residential,False,32.255,,"LINESTRING (-122.6377898 38.0088746, -122.6374522 38.0087589)",,1.0,20,112,36,35
110408704,110457276,0,12190291,Carson Road,residential,False,38.715,,"LINESTRING (-122.6377898 38.0088746, -122.6377308 38.0089554, -122.6376738 38.0090283, -122.6375867 38.0091831)",,1.0,20,113,36,68
110408704,2607367918,0,12190291,Carson Road,residential,False,49.114,,"LINESTRING (-122.6377898 38.0088746, -122.6379251 38.0086106, -122.6379081 38.0084542)",,1.0,20,114,36,86
110408704,2614020519,0,255724930,,service,False,235.978,,"LINESTRING (-122.6377898 38.0088746, -122.6376935 38.0087275, -122.63733 38.0084595, -122.6367484 38.0081322, -122.6364279 38.0079541, -122.6361119 38.0077786, -122.6357098 38.0075552)",,1.0,20,115,36,89
110408705,2393115846,0,12178908,Railroad Avenue,residential,False,329.415,,"LINESTRING (-122.6400563 38.0100399, -122.6432425 38.0116129)",,1.0,20,116,37,77
110408705,8156990657,0,12178908,Railroad Avenue,residential,False,199.642,,"LINESTRING (-122.6400563 38.0100399, -122.638145 38.0090623)",,1.0,20,117,37,108
110408705,110442478,0,12189938,Scott Street,residential,False,75.368,,"LINESTRING (-122.6400563 38.0100399, -122.6395982 38.0106136)",,1.0,20,118,37,62
110408707,8156954912,0,12189220,San Geronimo Valley Drive,residential,False,62.973,,"LINESTRING (-122.645868 38.012892, -122.6451492 38.0128952)",,1.0,20,119,38,104
110408707,8156954911,0,620535167,Railroad Avenue,residential,False,57.804,,"LINESTRING (-122.645868 38.012892, -122.6452979 38.0126303)",,1.0,20,120,38,103
110408707,110405674,0,620535170,San Geronimo Valley Drive,residential,False,135.462,,"LINESTRING (-122.645868 38.012892, -122.6464311 38.0128562, -122.647408 38.012783)",,1.0,20,121,38,26
110409690,110409693,0,12179110,Fox Run Road,residential,False,143.233,private,"LINESTRING (-122.6335585 37.9987332, -122.6333896 37.9987941, -122.6332229 37.9988542, -122.6327981 37.9992718, -122.6327283 37.9997306)",,1.0,20,122,39,40
110409690,1705290936,0,12190384,Buckeye Circle,residential,False,137.184,,"LINESTRING (-122.6335585 37.9987332, -122.6334739 37.9984215, -122.6335731 37.9982362, -122.6338735 37.9981347, -122.6343953 37.9983325)",,1.0,20,123,39,73
110409690,110450095,0,12190384,Buckeye Circle,residential,False,126.43200000000002,,"LINESTRING (-122.6335585 37.9987332, -122.6337399 37.9988745, -122.6341555 37.99904, -122.6344996 37.9991719, -122.6347887 37.9990316)",,1.0,20,124,39,66
110409693,110409690,0,12179110,Fox Run Road,residential,False,143.233,private,"LINESTRING (-122.6327283 37.9997306, -122.6327981 37.9992718, -122.6332229 37.9988542, -122.6333896 37.9987941, -122.6335585 37.9987332)",,1.0,20,125,40,39
110410592,110410595,0,12179369,Grant Street,residential,False,56.211,,"LINESTRING (-122.6411982 38.0120223, -122.6415161 38.0115832)",,1.0,20,126,41,42
110410595,110410592,0,12179369,Grant Street,residential,False,56.211,,"LINESTRING (-122.6415161 38.0115832, -122.6411982 38.0120223)",,1.0,20,127,42,41
110410595,110442478,0,12187565,Central Avenue,residential,False,199.642,,"LINESTRING (-122.6415161 38.0115832, -122.6395982 38.0106136)",,1.0,20,128,42,62
110410595,110377358,0,12187565,Central Avenue,residential,False,168.328,,"LINESTRING (-122.6415161 38.0115832, -122.6431536 38.0123751)",,1.0,20,129,42,10
110414638,110442078,0,12189972,Crescent Drive,residential,False,56.84,,"LINESTRING (-122.6369028 38.0054691, -122.6362562 38.0054276)",,1.0,20,130,43,60
110414638,110414648,0,12180488,Crescent Court,residential,False,113.762,,"LINESTRING (-122.6369028 38.0054691, -122.6371151 38.0051094, -122.6372515 38.0047825, -122.6371646 38.0047015, -122.6369412 38.0047094)",,1.0,20,131,43,44
110414638,110405763,0,12189972,Crescent Drive,residential,False,100.922,,"LINESTRING (-122.6369028 38.0054691, -122.6373188 38.0055106, -122.6376667 38.0055329, -122.6379282 38.0055486, -122.6380491 38.0055558)",,1.0,20,132,43,30
110414648,110414638,0,12180488,Crescent Court,residential,False,113.762,,"LINESTRING (-122.6369412 38.0047094, -122.6371646 38.0047015, -122.6372515 38.0047825, -122.6371151 38.0051094, -122.6369028 38.0054691)",,1.0,20,133,44,43
110416523,110377354,0,"[12190618, 12187462]","['Taylor Avenue', 'Taylor Hill Avenue']",residential,False,214.49500000000003,,"LINESTRING (-122.6409516 38.0121552, -122.6415267 38.0123557, -122.6417498 38.0124082, -122.642094 38.012422, -122.6422374 38.0123967, -122.6423673 38.0124048, -122.6425143 38.0124371, -122.6426066 38.0125152, -122.6427331 38.0127468, -122.6429075 38.0129919)",,1.0,20,134,45,9
110416523,110442478,0,"[12189938, 12187462]","['Taylor Avenue', 'Scott Street']",residential,False,264.532,,"LINESTRING (-122.6409516 38.0121552, -122.6407451 38.0120727, -122.6402006 38.0117304, -122.6393384 38.0113247, -122.6391709 38.0111927, -122.6395982 38.0106136)",,1.0,20,135,45,62
110416523,110416526,0,"[230877979, 12181028, 256519390]",Hill Avenue,"['track', 'residential']",False,805.6010000000001,,"LINESTRING (-122.6409516 38.0121552, -122.6406876 38.0121091, -122.640015 38.0119465, -122.6395621 38.0119438, -122.6392025 38.0119097, -122.6388928 38.0118546, -122.6387263 38.0116631, -122.6385099 38.0115687, -122.6383001 38.0115949, -122.6382036 38.0115792, -122.6381703 38.0115398, -122.6381536 38.0114191, -122.6381736 38.0113168, -122.6385144 38.0109753, -122.6380332 38.0107538, -122.6369303 38.010469, -122.6367746 38.0103856, -122.6363106 38.0102555, -122.6361082 38.0101931, -122.6356163 38.0101046, -122.6352415 38.0097865, -122.6352415 38.0096843, -122.635565 38.0094131, -122.6357454 38.0092981, -122.6359214 38.0092079, -122.6360666 38.0091039, -122.6361678 38.0089514, -122.6363415 38.0088603)",,1.0,20,136,45,46
110416526,110416523,0,"[230877979, 12181028, 256519390]",Hill Avenue,"['track', 'residential']",False,805.6010000000001,,"LINESTRING (-122.6363415 38.0088603, -122.6361678 38.0089514, -122.6360666 38.0091039, -122.6359214 38.0092079, -122.6357454 38.0092981, -122.635565 38.0094131, -122.6352415 38.0096843, -122.6352415 38.0097865, -122.6356163 38.0101046, -122.6361082 38.0101931, -122.6363106 38.0102555, -122.6367746 38.0103856, -122.6369303 38.010469, -122.6380332 38.0107538, -122.6385144 38.0109753, -122.6381736 38.0113168, -122.6381536 38.0114191, -122.6381703 38.0115398, -122.6382036 38.0115792, -122.6383001 38.0115949, -122.6385099 38.0115687, -122.6387263 38.0116631, -122.6388928 38.0118546, -122.6392025 38.0119097, -122.6395621 38.0119438, -122.640015 38.0119465, -122.6406876 38.0121091, -122.6409516 38.0121552)",,1.0,20,137,46,45
110416526,110408700,0,12187563,Central Avenue,residential,False,83.126,,"LINESTRING (-122.6363415 38.0088603, -122.6363841 38.0085242, -122.6364221 38.0081155)",,1.0,20,138,46,34
110416526,110442482,0,12187565,Central Avenue,residential,False,173.017,,"LINESTRING (-122.6363415 38.0088603, -122.6363254 38.0089894, -122.6363924 38.0090929, -122.636481 38.0091838, -122.6367277 38.0093698, -122.6369503 38.0095409, -122.6372051 38.0096677, -122.6377168 38.0098536)",,1.0,20,139,46,63
110421437,110405772,0,12182306,Garden Way,residential,False,85.854,,"LINESTRING (-122.6374596 38.0067018, -122.6384135 38.0065251)",,1.0,20,140,47,31
110421437,8005590451,0,12182306,Garden Way,residential,False,98.904,,"LINESTRING (-122.6374596 38.0067018, -122.6369247 38.0069403, -122.6366288 38.0070754, -122.6364945 38.0071604)",,1.0,20,141,47,102
110421437,110442078,0,12187492,Oak Grove Avenue,residential,False,179.926,,"LINESTRING (-122.6374596 38.0067018, -122.636803 38.006259, -122.636693 38.006122, -122.6362562 38.0054276)",,1.0,20,142,47,60
110421437,110442073,0,12187492,Oak Grove Avenue,residential,False,107.248,,"LINESTRING (-122.6374596 38.0067018, -122.6378025 38.007099, -122.6380653 38.0075366)",,1.0,20,143,47,59
110421873,110421919,0,12182395,Ivy Road,residential,False,120.67900000000002,,"LINESTRING (-122.643688 38.007121, -122.643326 38.006881, -122.643243 38.006789, -122.643227 38.006753, -122.643225 38.00664, -122.643264 38.006418, -122.643234 38.006346, -122.643132 38.006221)",,1.0,20,144,48,49
110421873,110427844,0,12190288,Carson Road,residential,False,105.501,,"LINESTRING (-122.643688 38.007121, -122.643978 38.007417, -122.644013 38.007593, -122.643942 38.007725, -122.6436787 38.0078704)",,1.0,20,145,48,56
110421919,110421873,0,12182395,Ivy Road,residential,False,120.679,,"LINESTRING (-122.643132 38.006221, -122.643234 38.006346, -122.643264 38.006418, -122.643225 38.00664, -122.643227 38.006753, -122.643243 38.006789, -122.643326 38.006881, -122.643688 38.007121)",,1.0,20,146,49,48
110421919,110425794,0,12190008,Maple Road,residential,False,286.203,,"LINESTRING (-122.643132 38.006221, -122.6433932 38.0060879, -122.6436111 38.0058936, -122.643519 38.0055561, -122.6439302 38.0052574, -122.6440578 38.0051713, -122.6438242 38.004784, -122.6439 38.0044397, -122.6437065 38.0042887, -122.6435537 38.0041858)",,1.0,20,147,49,55
110421919,110393315,0,12190011,Maple Road,residential,False,189.774,,"LINESTRING (-122.643132 38.006221, -122.643038 38.006366, -122.642993 38.006509, -122.642914 38.006601, -122.642442 38.006844, -122.642222 38.006911, -122.641859 38.006989, -122.6417995 38.0070235, -122.641763 38.007071, -122.641719 38.007214, -122.64172 38.007312)",,1.0,20,148,49,23
110425568,2394608722,0,12183511,Edgewood Trail,track,False,719.7919999999998,,"LINESTRING (-122.642493 37.996365, -122.642463 37.996506, -122.642376 37.99659, -122.642281 37.996754, -122.6423 37.996899, -122.642342 37.997039, -122.642295 37.997142, -122.642142 37.997323, -122.642104 37.997389, -122.64206 37.997493, -122.642046 37.997637, -122.64209 37.997778, -122.64216 37.99787, -122.642314 37.99795, -122.642616 37.998039, -122.642691 37.998078, -122.642732 37.998143, -122.642752 37.998359, -122.642632 37.998595, -122.642485 37.998777, -122.642431 37.999064, -122.642368 37.999199, -122.642221 37.999283, -122.642135 37.999308, -122.641675 37.999298, -122.641554 37.999347, -122.641522 37.999373, -122.64149 37.999442, -122.641444 37.999619, -122.641431 37.99969, -122.6414636 37.9998306, -122.6415709 37.9999659, -122.6416353 38.0000843, -122.6415494 38.0002703, -122.6414207 38.0007945, -122.6411847 38.0012679, -122.641099 38.001437, -122.640884 38.001461, -122.640745 38.001447)",,1.0,20,149,50,79
110425568,2882876541,0,12183518,White Hill Fire Road,track,False,228.295,,"LINESTRING (-122.642493 37.996365, -122.642354 37.996182, -122.642288 37.996047, -122.642285 37.995903, -122.642368 37.99562, -122.642388 37.995441, -122.642318 37.995349, -122.642102 37.995214, -122.642077 37.995184, -122.642052 37.995116, -122.64205 37.994971, -122.642033 37.994938, -122.641965 37.994891, -122.641705 37.994819, -122.641497 37.994743)",,1.0,20,150,50,94
110425568,6169955647,0,12183518,White Hill Fire Road,track,False,822.3139999999999,,"LINESTRING (-122.642493 37.996365, -122.642874 37.996616, -122.642952 37.996653, -122.643041 37.996663, -122.643106 37.996613, -122.643117 37.996289, -122.643161 37.996226, -122.643203 37.996213, -122.643292 37.996226, -122.643488 37.99632, -122.643621 37.996345, -122.64408 37.996346, -122.6445892 37.9963866, -122.64476 37.996353, -122.644923 37.996286, -122.645096 37.996238, -122.645686 37.996163, -122.646039 37.996083, -122.646176 37.996075, -122.646394 37.996132, -122.646722 37.996262, -122.647332 37.996515, -122.647561 37.996634, -122.647692 37.996667, -122.64783 37.996666, -122.648705 37.996446, -122.648952 37.99635, -122.649077 37.9962, -122.64919 37.996002, -122.649301 37.995887, -122.6496763 37.9956311, -122.6497434 37.9955952, -122.6498106 37.9955689, -122.6499477 37.9955216, -122.6500121 37.995496, -122.6500887 37.9954587, -122.6501684 37.995419, -122.6502897 37.995376, -122.6503533 37.995355, -122.6503714 37.9953539)",,1.0,20,151,50,97
110425597,1122942632,0,12183518,White Hill Fire Road,track,False,60.654,,"LINESTRING (-122.637516 37.99471, -122.637355 37.994767, -122.637262 37.994762, -122.637176 37.994736, -122.636982 37.994635, -122.636885 37.994625)",,1.0,20,152,51,72
110425597,2882876550,0,12183518,White Hill Fire Road,track,False,143.55400000000003,,"LINESTRING (-122.637516 37.99471, -122.637671 37.99464, -122.637768 37.994563, -122.637967 37.994474, -122.638066 37.994398, -122.638231 37.994224, -122.638321 37.994058, -122.638364 37.993917, -122.638407 37.993854, -122.6384737 37.9937262)",,1.0,20,153,51,95
110425597,1705290936,0,158303445,Summit Fire Road,track,False,670.8600000000002,,"LINESTRING (-122.637516 37.99471, -122.637458 37.995051, -122.637363 37.995217, -122.637151 37.995408, -122.637111 37.995473, -122.637091 37.99558, -122.637112 37.995651, -122.637156 37.995713, -122.637289 37.995813, -122.637293 37.995883, -122.637268 37.995913, -122.637233 37.995935, -122.637144 37.995951, -122.636824 37.995927, -122.636572 37.996016, -122.636527 37.99602, -122.636066 37.996003, -122.63598 37.996028, -122.635921 37.996083, -122.635887 37.996188, -122.635908 37.996295, -122.636017 37.996456, -122.636091 37.996628, -122.636077 37.996844, -122.636087 37.996989, -122.636156 37.997199, -122.636246 37.997325, -122.636268 37.997395, -122.636264 37.997467, -122.636149 37.997743, -122.636015 37.997934, -122.635922 37.998014, -122.635789 37.998042, -122.635654 37.99802, -122.635535 37.997965, -122.635429 37.997895, -122.635298 37.997861, -122.635121 37.997897, -122.634996 37.997943, -122.634722 37.997963, -122.634601 37.998013, -122.634476 37.99812, -122.634429 37.998183, -122.6343953 37.9983325)",,1.0,20,154,51,73
110425653,1857975590,0,96367137,White Hill Fire Road,track,False,292.349,no,"LINESTRING (-122.62685 38.0063707, -122.6267107 38.006394, -122.6262992 38.0064406, -122.6259468 38.0065485, -122.6257003 38.0066922, -122.6253811 38.007, -122.6246274 38.007631, -122.6243495 38.0076431, -122.6241381 38.0076407)",,1.0,20,155,52,74
110425653,2630144525,0,"[12190658, 257509690]",Fire Road,"['track', 'residential']",False,432.962,no,"LINESTRING (-122.62685 38.0063707, -122.6269677 38.0064766, -122.6272791 38.0065248, -122.6273531 38.0066379, -122.627333 38.0070111, -122.6274556 38.0071519, -122.6276782 38.0072326, -122.6280668 38.00723, -122.6281879 38.0072487, -122.6282372 38.0077519, -122.6283463 38.0079238, -122.6285642 38.0080714, -122.6292317 38.0084741, -122.6299263 38.0088232)",,1.0,20,156,52,92
110425663,1114148461,0,96295885,White Hill Trail,path,False,1237.612,yes,"LINESTRING (-122.6218605 38.0078283, -122.6217532 38.0078832, -122.621668 38.007959, -122.621647 38.008037, -122.621753 38.008773, -122.621734 38.008923, -122.62169 38.009005, -122.621508 38.009209, -122.621447 38.009324, -122.6214 38.009461, -122.6213979 38.0099852, -122.6213398 38.0098701, -122.621323 38.009754, -122.621182 38.009398, -122.621163 38.009264, -122.621174 38.009195, -122.621274 38.009029, -122.62128 38.008969, -122.621229 38.008876, -122.620982 38.008745, -122.62087 38.008651, -122.620812 38.008556, -122.620764 38.008366, -122.620716 38.008289, -122.620651 38.008238, -122.6205248 38.0081453, -122.6203906 38.0080945, -122.6204121 38.0082087, -122.620477 38.008292, -122.620494 38.008454, -122.620421 38.008632, -122.620415 38.008738, -122.62046 38.008813, -122.620558 38.0089, -122.62061 38.008985, -122.62061 38.009034, -122.620503 38.009278, -122.6204737 38.0093139, -122.62041 38.009315, -122.620079 38.009197, -122.619955 38.009185, -122.619645 38.009249, -122.619445 38.00927, -122.619193 38.009229, -122.619074 38.009246, -122.61878 38.009357, -122.618455 38.009424, -122.618363 38.009462, -122.618298 38.009521, -122.61829 38.009572, -122.618333 38.009625, -122.618544 38.009725, -122.618649 38.009813, -122.61874 38.010096, -122.618774 38.010353, -122.618763 38.010439, -122.618716 38.010506, -122.618537 38.010611, -122.618463 38.010672, -122.6184058 38.0107151, -122.6183924 38.0107869, -122.6183763 38.010844, -122.6183419 38.0108982, -122.6182958 38.0108503, -122.618283 38.01082, -122.618248 38.010775, -122.618231 38.010652, -122.618303 38.010362, -122.618301 38.010288, -122.6182556 38.0101635, -122.6182234 38.0101234, -122.6181705 38.0101044, -122.6181617 38.0101529, -122.6181698 38.0101994, -122.6181537 38.0102755, -122.617797 38.009973, -122.61769 38.009867, -122.6175633 38.0096786)",,1.0,20,157,53,70
110425663,3552151798,0,96332049,White Hill Fire Road,track,False,406.213,,"LINESTRING (-122.6218605 38.0078283, -122.621296 38.007583, -122.621115 38.007534, -122.620451 38.007459, -122.620277 38.007417, -122.619862 38.007249, -122.619653 38.007177, -122.619468 38.007134, -122.619298 38.007131, -122.618902 38.007161, -122.618709 38.007153, -122.618335 38.00708, -122.618031 38.006958, -122.6176071 38.0066549)",,1.0,20,158,53,96
110425663,1857975590,0,96367141,White Hill Fire Road,track,False,202.403,yes,"LINESTRING (-122.6218605 38.0078283, -122.62202 38.00783, -122.622169 38.007838, -122.623011 38.007843, -122.623169 38.007831, -122.623477 38.007773, -122.62389 38.007671, -122.6241381 38.0076407)",,1.0,20,159,53,74
110425771,110393332,0,12183530,Rockridge Road,residential,False,359.31600000000003,,"LINESTRING (-122.6402812 38.0064243, -122.6400685 38.0063802, -122.6398599 38.0063511, -122.6392935 38.0061274, -122.6391818 38.0059727, -122.6391647 38.0057334, -122.639178 38.0055865, -122.6392616 38.0053795, -122.6393956 38.0053068, -122.6396456 38.0051556, -122.6398562 38.0049646, -122.6402307 38.0049215, -122.6407853 38.0050344, -122.6410766 38.0050114)",,1.0,20,160,54,24
110425771,110449953,0,12189204,Holly Lane,residential,False,56.119,,"LINESTRING (-122.6402812 38.0064243, -122.6404599 38.0063452, -122.6408376 38.0061743)",,1.0,20,161,54,65
110425771,110370696,0,12190291,Carson Road,residential,False,55.809,,"LINESTRING (-122.6402812 38.0064243, -122.6402635 38.0065475, -122.6399775 38.0066623, -122.6398189 38.0066591)",,1.0,20,162,54,5
110425794,110393332,0,12183530,Rockridge Road,residential,False,240.91799999999995,,"LINESTRING (-122.6435537 38.0041858, -122.6428678 38.0045328, -122.6422336 38.0048436, -122.6417451 38.0048651, -122.6414409 38.0049645, -122.6410766 38.0050114)",,1.0,20,163,55,24
110425794,110421919,0,12190008,Maple Road,residential,False,286.20300000000003,,"LINESTRING (-122.6435537 38.0041858, -122.6437065 38.0042887, -122.6439 38.0044397, -122.6438242 38.004784, -122.6440578 38.0051713, -122.6439302 38.0052574, -122.643519 38.0055561, -122.6436111 38.0058936, -122.6433932 38.0060879, -122.643132 38.006221)",,1.0,20,164,55,49
110425794,8398747289,0,"[904358938, 904358939, 904358940]",Crow Bar,path,False,1259.012,,"LINESTRING (-122.6435537 38.0041858, -122.6435781 38.0041437, -122.6435552 38.0040988, -122.6435339 38.0040377, -122.643573 38.0039228, -122.6436716 38.003848, -122.6438361 38.0037989, -122.6440391 38.0037509, -122.6441545 38.0036519, -122.6441966 38.0035055, -122.6443552 38.0033792, -122.6445119 38.0032786, -122.6446977 38.0032567, -122.6447918 38.0032258, -122.6449052 38.0031483, -122.6450797 38.0031506, -122.645201 38.0031509, -122.645283 38.0030836, -122.6454404 38.003026, -122.6456373 38.0029349, -122.6458224 38.0028262, -122.6460057 38.00274, -122.6460941 38.0026917, -122.6462023 38.0026151, -122.6462599 38.0025536, -122.6463761 38.00248, -122.6464104 38.0023243, -122.6464551 38.0022114, -122.6465387 38.0021175, -122.6466134 38.0020768, -122.6466958 38.002011, -122.6468015 38.0019709, -122.6468948 38.001926, -122.6469549 38.0018851, -122.6470291 38.0018276, -122.6470732 38.0017663, -122.6471328 38.0017273, -122.6472143 38.0017269, -122.6472634 38.0017138, -122.6473336 38.0016864, -122.6474047 38.0016966, -122.6474426 38.0016739, -122.647506 38.0016653, -122.6475763 38.0016759, -122.6476257 38.0016435, -122.6476674 38.0016051, -122.6476587 38.0015543, -122.6476039 38.0015239, -122.6475463 38.0015002, -122.6474991 38.0014515, -122.6474669 38.0014182, -122.6474482 38.0013771, -122.6474513 38.0013158, -122.647479 38.0012658, -122.6475155 38.0012276, -122.6475807 38.0011857, -122.6476456 38.0011648, -122.6476915 38.0011515, -122.6477208 38.0011578, -122.6477455 38.0011726, -122.6477753 38.0011806, -122.6478416 38.0011663, -122.6479092 38.0011327, -122.6479377 38.0011034, -122.6479773 38.0010908, -122.648019 38.0010844, -122.6480358 38.0010573, -122.648076 38.0010413, -122.6481201 38.0010225, -122.6481818 38.0009894, -122.6482434 38.0009593, -122.6483005 38.0009339, -122.6483609 38.0009123, -122.6484327 38.0008916, -122.6484966 38.0008602, -122.6485466 38.0008501, -122.6486156 38.0008145, -122.6486888 38.0007672, -122.6487478 38.0007208, -122.6488185 38.0006766, -122.6488629 38.0006713, -122.648909 38.0006643, -122.6489444 38.0006441, -122.6489774 38.0006289, -122.649013 38.0006203, -122.6490776 38.0006327, -122.6491215 38.0006437, -122.6491784 38.0006677, -122.6491919 38.0006976, -122.6491769 38.0007216, -122.6491761 38.0007559, -122.6491527 38.0007799, -122.6491313 38.0008112, -122.6491289 38.0008392, -122.649105 38.0008527, -122.6490824 38.0008861, -122.6490851 38.0009222, -122.649073 38.0009564, -122.6490286 38.0009873, -122.6490287 38.0010082, -122.6490149 38.0010295, -122.649011 38.001053, -122.6490308 38.0010749, -122.6491003 38.0011042, -122.6491487 38.0011551, -122.6491998 38.0011728, -122.6493108 38.0011711, -122.6493947 38.0011793, -122.6495336 38.0011453, -122.6496534 38.0011252, -122.6497619 38.0011017, -122.6498837 38.0011191, -122.6499583 38.0011638, -122.6500457 38.0012175, -122.6500973 38.0012675, -122.6501472 38.0013132, -122.6501864 38.0013554, -122.6502303 38.0013869, -122.6502616 38.0013943, -122.650281 38.0013749, -122.6502935 38.0013279, -122.6503091 38.0012927, -122.6503419 38.0012491, -122.6504648 38.0012226, -122.6506026 38.0011729, -122.6507016 38.0011256, -122.650753 38.0011024, -122.6508187 38.0010991, -122.650872 38.0011088, -122.6509219 38.0011105, -122.6509602 38.0011003, -122.6510003 38.0010942, -122.6510308 38.0010755, -122.651029 38.0010557, -122.6510463 38.0010229, -122.6510815 38.0009966, -122.6511678 38.000985, -122.6512579 38.0009848, -122.6513948 38.0008989, -122.6514968 38.0008705, -122.6515661 38.0008607, -122.6516333 38.0008038, -122.6517113 38.0007485, -122.6517753 38.0007173, -122.6518232 38.0007041, -122.6519177 38.0006976, -122.6519779 38.000682, -122.6520476 38.0006236, -122.6520836 38.0005703, -122.6521262 38.0005467, -122.6521954 38.0004751, -122.652311 38.0004018, -122.6523654 38.0003462, -122.6524807 38.0003044, -122.6525263 38.0002696, -122.6526395 38.0002243, -122.6527011 38.000185, -122.6528214 38.0001359, -122.6528832 38.0000855, -122.6529291 38.0000552, -122.6530237 38.0000088, -122.6531255 37.999955, -122.6531564 37.9999331, -122.6531752 37.9999103, -122.6531984 37.9998966, -122.6532217 37.9998969, -122.6532626 37.9998814, -122.6532891 37.9998545, -122.653315 37.9997958, -122.6533361 37.9997411, -122.6533436 37.9996958, -122.6533397 37.9996382)",,1.0,20,165,55,111
110427844,2606393059,0,12184183,Ivy Lane,residential,False,167.032,,"LINESTRING (-122.6436787 38.0078704, -122.643291 38.008536, -122.6434217 38.0089445, -122.6434984 38.0091458, -122.6435338 38.0092813)",,1.0,20,166,56,83
110427844,110427847,0,12190288,Carson Road,residential,False,29.89,,"LINESTRING (-122.6436787 38.0078704, -122.643563 38.007865, -122.6434 38.0077425)",,1.0,20,167,56,57
110427844,110421873,0,12190288,Carson Road,residential,False,105.501,,"LINESTRING (-122.6436787 38.0078704, -122.643942 38.007725, -122.644013 38.007593, -122.643978 38.007417, -122.643688 38.007121)",,1.0,20,168,56,48
110427847,110377371,0,12180359,Conifer Way,residential,False,488.397,,"LINESTRING (-122.6434 38.0077425, -122.6430064 38.0082549, -122.6426231 38.0087079, -122.6427765 38.0090502, -122.6429426 38.0096039, -122.643262 38.0098102, -122.643718 38.009962, -122.6442011 38.0104092, -122.6445269 38.010379, -122.6448655 38.0099663, -122.6449829 38.0097187)",,1.0,20,169,57,13
110427847,110393307,0,12190288,Carson Road,residential,False,147.168,,"LINESTRING (-122.6434 38.0077425, -122.643363 38.007734, -122.643227 38.007737, -122.643084 38.007826, -122.643014 38.007919, -122.642947 38.007968, -122.642694 38.008051, -122.642544 38.008134, -122.64241 38.008232, -122.642256 38.00831, -122.6419985 38.0083766)",,1.0,20,170,57,22
110427847,110427844,0,12190288,Carson Road,residential,False,29.89,,"LINESTRING (-122.6434 38.0077425, -122.643563 38.007865, -122.6436787 38.0078704)",,1.0,20,171,57,56
110432694,2006817287,0,96774077,Sir Francis Drake Boulevard,primary,False,71.065,,"LINESTRING (-122.6175015 38.009052, -122.6175526 38.0088335, -122.6175441 38.0086284, -122.6175042 38.0085182, -122.6174585 38.008428)",,2.0,20,172,58,75
110432694,2006817311,0,96774077,Sir Francis Drake Boulevard,primary,False,62.922,,"LINESTRING (-122.6175015 38.009052, -122.6174064 38.0094463, -122.6174085 38.0096108)",,2.0,20,173,58,76
110432694,1120925533,0,190075791,,service,False,43.306,,"LINESTRING (-122.6175015 38.009052, -122.6175939 38.008976, -122.6176391 38.0089067, -122.6176866 38.0088169, -122.6176985 38.0087083)",,1.0,20,174,58,71
110442073,110421437,0,12187492,Oak Grove Avenue,residential,False,107.248,,"LINESTRING (-122.6380653 38.0075366, -122.6378025 38.007099, -122.6374596 38.0067018)",,1.0,20,175,59,47
110442073,110457286,0,12190291,Carson Road,residential,False,62.327,,"LINESTRING (-122.6380653 38.0075366, -122.6379064 38.0077046, -122.637766 38.0078197, -122.6376795 38.0079985)",,1.0,20,176,59,69
110442073,110385113,0,12190291,Carson Road,residential,False,91.103,,"LINESTRING (-122.6380653 38.0075366, -122.6383427 38.0071809, -122.6385333 38.0068082)",,1.0,20,177,59,14
110442078,110414638,0,12189972,Crescent Drive,residential,False,56.84,,"LINESTRING (-122.6362562 38.0054276, -122.6369028 38.0054691)",,1.0,20,178,60,43
110442078,110390230,0,12187492,Oak Grove Avenue,residential,False,107.387,,"LINESTRING (-122.6362562 38.0054276, -122.6360247 38.0048149, -122.6357899 38.0045459)",,1.0,20,179,60,21
110442078,110421437,0,12187492,Oak Grove Avenue,residential,False,179.926,,"LINESTRING (-122.6362562 38.0054276, -122.636693 38.006122, -122.636803 38.006259, -122.6374596 38.0067018)",,1.0,20,180,60,47
110442078,8005590449,0,12189972,Crescent Drive,residential,False,217.867,,"LINESTRING (-122.6362562 38.0054276, -122.635652 38.0055938, -122.635385 38.0058609, -122.6352694 38.0061172, -122.6352769 38.006312, -122.6354314 38.0066518, -122.635632 38.0068916)",,1.0,20,181,60,101
110442476,110377358,0,12187565,Central Avenue,residential,False,110.57,,"LINESTRING (-122.64421 38.0129192, -122.6431536 38.0123751)",,1.0,20,182,61,10
110442476,110355652,0,12189220,San Geronimo Valley Drive,residential,False,31.236,,"LINESTRING (-122.64421 38.0129192, -122.6445655 38.0128977)",,1.0,20,183,61,0
110442476,110377352,0,12189220,San Geronimo Valley Drive,residential,False,121.502,,"LINESTRING (-122.64421 38.0129192, -122.6435539 38.0131137, -122.6431912 38.0132263, -122.642932 38.013339)",,1.0,20,184,61,8
110442478,110410595,0,12187565,Central Avenue,residential,False,199.642,,"LINESTRING (-122.6395982 38.0106136, -122.6415161 38.0115832)",,1.0,20,185,62,42
110442478,110408705,0,12189938,Scott Street,residential,False,75.368,,"LINESTRING (-122.6395982 38.0106136, -122.6400563 38.0100399)",,1.0,20,186,62,37
110442478,110442482,0,12187565,Central Avenue,residential,False,185.778,,"LINESTRING (-122.6395982 38.0106136, -122.638102 38.010069, -122.6377168 38.0098536)",,1.0,20,187,62,63
110442478,110416523,0,"[12189938, 12187462]","['Scott Street', 'Taylor Avenue']",residential,False,264.532,,"LINESTRING (-122.6395982 38.0106136, -122.6391709 38.0111927, -122.6393384 38.0113247, -122.6402006 38.0117304, -122.6407451 38.0120727, -122.6409516 38.0121552)",,1.0,20,188,62,45
110442482,110416526,0,12187565,Central Avenue,residential,False,173.01700000000002,,"LINESTRING (-122.6377168 38.0098536, -122.6372051 38.0096677, -122.6369503 38.0095409, -122.6367277 38.0093698, -122.636481 38.0091838, -122.6363924 38.0090929, -122.6363254 38.0089894, -122.6363415 38.0088603)",,1.0,20,189,63,46
110442482,110442478,0,12187565,Central Avenue,residential,False,185.778,,"LINESTRING (-122.6377168 38.0098536, -122.638102 38.010069, -122.6395982 38.0106136)",,1.0,20,190,63,62
110442482,110457276,0,12190291,Carson Road,residential,False,79.701,,"LINESTRING (-122.6377168 38.0098536, -122.6376192 38.0097357, -122.6375455 38.0096143, -122.6375151 38.0095066, -122.6375172 38.0093767, -122.6375867 38.0091831)",,1.0,20,191,63,68
110446110,110393332,0,12188204,Lillard,residential,False,106.8,private,"LINESTRING (-122.6417608 38.0042358, -122.6416291 38.0044779, -122.6412403 38.0047696, -122.6410766 38.0050114)",,1.0,20,192,64,24
110449953,110425771,0,12189204,Holly Lane,residential,False,56.119,,"LINESTRING (-122.6408376 38.0061743, -122.6404599 38.0063452, -122.6402812 38.0064243)",,1.0,20,193,65,54
110450095,2607367908,0,12184743,Laurel Avenue,residential,False,194.34000000000003,,"LINESTRING (-122.6347887 37.9990316, -122.6354597 37.9993616, -122.6359296 37.9995195, -122.6363367 37.9995615, -122.6367389 37.9994044, -122.6367955 37.9994054)",,1.0,20,194,66,84
110450095,110409690,0,12190384,Buckeye Circle,residential,False,126.432,,"LINESTRING (-122.6347887 37.9990316, -122.6344996 37.9991719, -122.6341555 37.99904, -122.6337399 37.9988745, -122.6335585 37.9987332)",,1.0,20,195,66,39
110450095,1705290936,0,12190384,Buckeye Circle,residential,False,89.92699999999999,,"LINESTRING (-122.6347887 37.9990316, -122.6347865 37.9987566, -122.6346839 37.998633, -122.6344172 37.9984108, -122.6343953 37.9983325)",,1.0,20,196,66,73
110453827,110390206,0,12189869,Elm Court,residential,False,22.552,,"LINESTRING (-122.6320222 38.0074351, -122.6318446 38.0072883)",,1.0,20,197,67,19
110457276,110442482,0,12190291,Carson Road,residential,False,79.70100000000001,,"LINESTRING (-122.6375867 38.0091831, -122.6375172 38.0093767, -122.6375151 38.0095066, -122.6375455 38.0096143, -122.6376192 38.0097357, -122.6377168 38.0098536)",,1.0,20,198,68,63
110457276,110408704,0,12190291,Carson Road,residential,False,38.715,,"LINESTRING (-122.6375867 38.0091831, -122.6376738 38.0090283, -122.6377308 38.0089554, -122.6377898 38.0088746)",,1.0,20,199,68,36
110457276,110408702,0,12190292,Carson Road,residential,False,48.624,,"LINESTRING (-122.6375867 38.0091831, -122.6375303 38.0090183, -122.6374888 38.0088772, -122.6374522 38.0087589)",,1.0,20,200,68,35
110457276,8156990657,0,876431737,,residential,False,50.843,,"LINESTRING (-122.6375867 38.0091831, -122.6377087 38.0091482, -122.6378126 38.0091239, -122.6380084 38.009079, -122.638145 38.0090623)",,1.0,20,201,68,108
110457286,8156983275,0,255727121,,residential,False,15.649,,"LINESTRING (-122.6376795 38.0079985, -122.6375044 38.0079707)",,1.0,20,202,69,106
110457286,8156983274,0,876431154,,service,False,28.615,,"LINESTRING (-122.6376795 38.0079985, -122.6375305 38.0082275)",,1.0,20,203,69,105
110457286,2607367918,0,12190291,Carson Road,residential,False,55.407,,"LINESTRING (-122.6376795 38.0079985, -122.6376935 38.0080851, -122.6377509 38.0081979, -122.6378773 38.0083453, -122.6379081 38.0084542)",,1.0,20,204,69,86
110457286,110442073,0,12190291,Carson Road,residential,False,62.327,,"LINESTRING (-122.6376795 38.0079985, -122.637766 38.0078197, -122.6379064 38.0077046, -122.6380653 38.0075366)",,1.0,20,205,69,59
1114148461,2006817311,0,548221808,,path,False,15.517,,"LINESTRING (-122.6175633 38.0096786, -122.6174085 38.0096108)",,1.0,20,206,70,76
1114148461,110425663,0,96295885,White Hill Trail,path,False,1237.612,yes,"LINESTRING (-122.6175633 38.0096786, -122.61769 38.009867, -122.617797 38.009973, -122.6181537 38.0102755, -122.6181698 38.0101994, -122.6181617 38.0101529, -122.6181705 38.0101044, -122.6182234 38.0101234, -122.6182556 38.0101635, -122.618301 38.010288, -122.618303 38.010362, -122.618231 38.010652, -122.618248 38.010775, -122.618283 38.01082, -122.6182958 38.0108503, -122.6183419 38.0108982, -122.6183763 38.010844, -122.6183924 38.0107869, -122.6184058 38.0107151, -122.618463 38.010672, -122.618537 38.010611, -122.618716 38.010506, -122.618763 38.010439, -122.618774 38.010353, -122.61874 38.010096, -122.618649 38.009813, -122.618544 38.009725, -122.618333 38.009625, -122.61829 38.009572, -122.618298 38.009521, -122.618363 38.009462, -122.618455 38.009424, -122.61878 38.009357, -122.619074 38.009246, -122.619193 38.009229, -122.619445 38.00927, -122.619645 38.009249, -122.619955 38.009185, -122.620079 38.009197, -122.62041 38.009315, -122.6204737 38.0093139, -122.620503 38.009278, -122.62061 38.009034, -122.62061 38.008985, -122.620558 38.0089, -122.62046 38.008813, -122.620415 38.008738, -122.620421 38.008632, -122.620494 38.008454, -122.620477 38.008292, -122.6204121 38.0082087, -122.6203906 38.0080945, -122.6205248 38.0081453, -122.620651 38.008238, -122.620716 38.008289, -122.620764 38.008366, -122.620812 38.008556, -122.62087 38.008651, -122.620982 38.008745, -122.621229 38.008876, -122.62128 38.008969, -122.621274 38.009029, -122.621174 38.009195, -122.621163 38.009264, -122.621182 38.009398, -122.621323 38.009754, -122.6213398 38.0098701, -122.6213979 38.0099852, -122.6214 38.009461, -122.621447 38.009324, -122.621508 38.009209, -122.62169 38.009005, -122.621734 38.008923, -122.621753 38.008773, -122.621647 38.008037, -122.621668 38.007959, -122.6217532 38.0078832, -122.6218605 38.0078283)",,1.0,20,207,70,53
1120925533,3552151798,0,96367138,Martha L. McCormack Trail,footway,False,360.992,yes,"LINESTRING (-122.6176985 38.0087083, -122.6178713 38.0085324, -122.6184506 38.0081182, -122.6188261 38.0078899, -122.6188696 38.0077454, -122.6184082 38.007534, -122.6179362 38.0074664, -122.6175607 38.0073227, -122.6174319 38.007179, -122.6174534 38.0069084, -122.6174963 38.0066971, -122.6176071 38.0066549)",,1.0,20,208,71,96
1120925533,110432694,0,190075791,,service,False,43.306,,"LINESTRING (-122.6176985 38.0087083, -122.6176866 38.0088169, -122.6176391 38.0089067, -122.6175939 38.008976, -122.6175015 38.009052)",,1.0,20,209,71,58
1120925533,2006817287,0,190075791,,service,False,38.357,,"LINESTRING (-122.6176985 38.0087083, -122.61767 38.0086259, -122.6175987 38.0085435, -122.6174585 38.008428)",,1.0,20,210,71,75
1122942632,110425597,0,12183518,White Hill Fire Road,track,False,60.654,,"LINESTRING (-122.636885 37.994625, -122.636982 37.994635, -122.637176 37.994736, -122.637262 37.994762, -122.637355 37.994767, -122.637516 37.99471)",,1.0,20,211,72,51
1705290936,110450095,0,12190384,Buckeye Circle,residential,False,89.92699999999999,,"LINESTRING (-122.6343953 37.9983325, -122.6344172 37.9984108, -122.6346839 37.998633, -122.6347865 37.9987566, -122.6347887 37.9990316)",,1.0,20,212,73,66
1705290936,110409690,0,12190384,Buckeye Circle,residential,False,137.184,,"LINESTRING (-122.6343953 37.9983325, -122.6338735 37.9981347, -122.6335731 37.9982362, -122.6334739 37.9984215, -122.6335585 37.9987332)",,1.0,20,213,73,39
1705290936,110425597,0,158303445,Summit Fire Road,track,False,670.8599999999998,,"LINESTRING (-122.6343953 37.9983325, -122.634429 37.998183, -122.634476 37.99812, -122.634601 37.998013, -122.634722 37.997963, -122.634996 37.997943, -122.635121 37.997897, -122.635298 37.997861, -122.635429 37.997895, -122.635535 37.997965, -122.635654 37.99802, -122.635789 37.998042, -122.635922 37.998014, -122.636015 37.997934, -122.636149 37.997743, -122.636264 37.997467, -122.636268 37.997395, -122.636246 37.997325, -122.636156 37.997199, -122.636087 37.996989, -122.636077 37.996844, -122.636091 37.996628, -122.636017 37.996456, -122.635908 37.996295, -122.635887 37.996188, -122.635921 37.996083, -122.63598 37.996028, -122.636066 37.996003, -122.636527 37.99602, -122.636572 37.996016, -122.636824 37.995927, -122.637144 37.995951, -122.637233 37.995935, -122.637268 37.995913, -122.637293 37.995883, -122.637289 37.995813, -122.637156 37.995713, -122.637112 37.995651, -122.637091 37.99558, -122.637111 37.995473, -122.637151 37.995408, -122.637363 37.995217, -122.637458 37.995051, -122.637516 37.99471)",,1.0,20,214,73,51
1857975590,110425653,0,96367137,White Hill Fire Road,track,False,292.349,no,"LINESTRING (-122.6241381 38.0076407, -122.6243495 38.0076431, -122.6246274 38.007631, -122.6253811 38.007, -122.6257003 38.0066922, -122.6259468 38.0065485, -122.6262992 38.0064406, -122.6267107 38.006394, -122.62685 38.0063707)",,1.0,20,215,74,52
1857975590,110425663,0,96367141,White Hill Fire Road,track,False,202.403,yes,"LINESTRING (-122.6241381 38.0076407, -122.62389 38.007671, -122.623477 38.007773, -122.623169 38.007831, -122.623011 38.007843, -122.622169 38.007838, -122.62202 38.00783, -122.6218605 38.0078283)",,1.0,20,216,74,53
2006817287,110432694,0,96774077,Sir Francis Drake Boulevard,primary,False,71.065,,"LINESTRING (-122.6174585 38.008428, -122.6175042 38.0085182, -122.6175441 38.0086284, -122.6175526 38.0088335, -122.6175015 38.009052)",,2.0,20,217,75,58
2006817287,1120925533,0,190075791,,service,False,38.357,,"LINESTRING (-122.6174585 38.008428, -122.6175987 38.0085435, -122.61767 38.0086259, -122.6176985 38.0087083)",,1.0,20,218,75,71
2006817311,1114148461,0,548221808,,path,False,15.517,,"LINESTRING (-122.6174085 38.0096108, -122.6175633 38.0096786)",,1.0,20,219,76,70
2006817311,110432694,0,96774077,Sir Francis Drake Boulevard,primary,False,62.922,,"LINESTRING (-122.6174085 38.0096108, -122.6174064 38.0094463, -122.6175015 38.009052)",,2.0,20,220,76,58
2393115846,2393115847,0,12178908,Railroad Avenue,residential,False,13.184,,"LINESTRING (-122.6432425 38.0116129, -122.6433664 38.0116802)",,1.0,20,221,77,78
2393115846,110408705,0,12178908,Railroad Avenue,residential,False,329.415,,"LINESTRING (-122.6432425 38.0116129, -122.6400563 38.0100399)",,1.0,20,222,77,37
2393115846,110355759,0,12171454,,service,False,62.127,private,"LINESTRING (-122.6432425 38.0116129, -122.6431605 38.0117691, -122.6431673 38.0118688, -122.6432117 38.0119819, -122.6434051 38.0120605)",,1.0,20,223,77,1
2393115847,110377361,0,12178908,Railroad Avenue,residential,False,60.04,,"LINESTRING (-122.6433664 38.0116802, -122.643948 38.0119658)",,1.0,20,224,78,11
2393115847,2393115846,0,12178908,Railroad Avenue,residential,False,13.184,,"LINESTRING (-122.6433664 38.0116802, -122.6432425 38.0116129)",,1.0,20,225,78,77
2393115847,110355759,0,12174469,Park Street,residential,False,43.204,,"LINESTRING (-122.6433664 38.0116802, -122.6433992 38.0117812, -122.6434305 38.0118957, -122.6434294 38.0119837, -122.6434051 38.0120605)",,1.0,20,226,78,1
2394608722,110425568,0,12183511,Edgewood Trail,track,False,719.792,,"LINESTRING (-122.640745 38.001447, -122.640884 38.001461, -122.641099 38.001437, -122.6411847 38.0012679, -122.6414207 38.0007945, -122.6415494 38.0002703, -122.6416353 38.0000843, -122.6415709 37.9999659, -122.6414636 37.9998306, -122.641431 37.99969, -122.641444 37.999619, -122.64149 37.999442, -122.641522 37.999373, -122.641554 37.999347, -122.641675 37.999298, -122.642135 37.999308, -122.642221 37.999283, -122.642368 37.999199, -122.642431 37.999064, -122.642485 37.998777, -122.642632 37.998595, -122.642752 37.998359, -122.642732 37.998143, -122.642691 37.998078, -122.642616 37.998039, -122.642314 37.99795, -122.64216 37.99787, -122.64209 37.997778, -122.642046 37.997637, -122.64206 37.997493, -122.642104 37.997389, -122.642142 37.997323, -122.642295 37.997142, -122.642342 37.997039, -122.6423 37.996899, -122.642281 37.996754, -122.642376 37.99659, -122.642463 37.996506, -122.642493 37.996365)",,1.0,20,227,79,50
2394608722,2394608732,0,12183511,Edgewood Trail,track,False,187.487,,"LINESTRING (-122.640745 38.001447, -122.640658 38.001475, -122.640304 38.001652, -122.640003 38.00175, -122.639858 38.001841, -122.639628 38.001873, -122.639351 38.001865, -122.6387708 38.0019994)",,1.0,20,228,79,80
2394608722,2506294862,0,904358935,Edgewood Trail,path,False,235.081,,"LINESTRING (-122.640745 38.001447, -122.6406646 38.0013055, -122.6406286 38.0011407, -122.6405788 38.001026, -122.6404526 38.0009452, -122.6402885 38.0009389, -122.6400659 38.0009659, -122.6397952 38.000992, -122.6395881 38.0011018, -122.63929 38.0013621, -122.6388576 38.0016907)",,1.0,20,229,79,81
2394608732,2394608722,0,12183511,Edgewood Trail,track,False,187.487,,"LINESTRING (-122.6387708 38.0019994, -122.639351 38.001865, -122.639628 38.001873, -122.639858 38.001841, -122.640003 38.00175, -122.640304 38.001652, -122.640658 38.001475, -122.640745 38.001447)",,1.0,20,230,80,79
2394608732,2506294862,0,12189233,Edgewood Drive,residential,False,36.228,,"LINESTRING (-122.6387708 38.0019994, -122.6387544 38.0018844, -122.6388576 38.0016907)",,1.0,20,231,80,81
2394608732,110393348,0,"[12189233, 12186049]","['Edgewood Drive', 'Edgewood Road']",residential,False,244.26500000000004,,"LINESTRING (-122.6387708 38.0019994, -122.63888 38.002097, -122.6390721 38.0024402, -122.6394436 38.0027752, -122.6398285 38.0031707, -122.6400379 38.0031707, -122.6400974 38.0031911, -122.640408 38.0032974, -122.6406446 38.0034861)",,1.0,20,232,80,25
2506294862,110405732,0,12189233,Edgewood Drive,residential,False,133.53300000000002,,"LINESTRING (-122.6388576 38.0016907, -122.6387514 38.0014899, -122.6385103 38.0012487, -122.6378333 38.000833)",,1.0,20,233,81,28
2506294862,2394608732,0,12189233,Edgewood Drive,residential,False,36.228,,"LINESTRING (-122.6388576 38.0016907, -122.6387544 38.0018844, -122.6387708 38.0019994)",,1.0,20,234,81,80
2506294862,2394608722,0,904358935,Edgewood Trail,path,False,235.081,,"LINESTRING (-122.6388576 38.0016907, -122.63929 38.0013621, -122.6395881 38.0011018, -122.6397952 38.000992, -122.6400659 38.0009659, -122.6402885 38.0009389, -122.6404526 38.0009452, -122.6405788 38.001026, -122.6406286 38.0011407, -122.6406646 38.0013055, -122.640745 38.001447)",,1.0,20,235,81,79
2506294904,110405696,0,12190468,Fern Avenue,residential,False,85.00699999999999,,"LINESTRING (-122.6399216 38.0080162, -122.6394259 38.0080539, -122.6391821 38.0082178, -122.6392152 38.0083345)",,1.0,20,236,82,27
2606393059,110427844,0,12184183,Ivy Lane,residential,False,167.03199999999998,,"LINESTRING (-122.6435338 38.0092813, -122.6434984 38.0091458, -122.6434217 38.0089445, -122.643291 38.008536, -122.6436787 38.0078704)",,1.0,20,237,83,56
2607367908,110359283,0,"[12176360, 12184743]","['Laurel Avenue', 'Castle Rock Avenue']",residential,False,1000.668,,"LINESTRING (-122.6367955 37.9994054, -122.6366236 38.0000087, -122.6364511 38.0002153, -122.6361043 38.000156, -122.6357809 38.0001604, -122.6355486 38.0002337, -122.6353295 38.0002202, -122.6348754 38.0004006, -122.634849 38.0005967, -122.6346855 38.0008926, -122.6346117 38.0010127, -122.6346814 38.0011094, -122.634844 38.0011575, -122.6350212 38.0012804, -122.6351792 38.0014874, -122.6353005 38.0016685, -122.6353361 38.0018257, -122.6353045 38.0020219, -122.634836 38.002204, -122.6346554 38.0023554, -122.6346335 38.0023843, -122.6346243 38.0024045, -122.6346121 38.0024489, -122.634612 38.0024873, -122.6347442 38.0028461, -122.634794 38.0028306, -122.6347956 38.0029271, -122.634825 38.0029445, -122.6344284 38.0031644, -122.6340551 38.0039609, -122.6339759 38.0041811, -122.633834 38.0043356, -122.6332408 38.0043615, -122.6329062 38.0043448, -122.6327524 38.0043479, -122.6326673 38.004267, -122.6324986 38.0041154, -122.6323369 38.0040921, -122.6322488 38.0041104, -122.6324074 38.0043427, -122.6327684 38.0045648)",,1.0,20,238,84,2
2607367908,110450095,0,12184743,Laurel Avenue,residential,False,194.34,,"LINESTRING (-122.6367955 37.9994054, -122.6367389 37.9994044, -122.6363367 37.9995615, -122.6359296 37.9995195, -122.6354597 37.9993616, -122.6347887 37.9990316)",,1.0,20,239,84,66
2607367908,110405732,0,12189233,Edgewood Drive,residential,False,211.752,,"LINESTRING (-122.6367955 37.9994054, -122.6369025 37.9994073, -122.6369129 37.9994527, -122.6369375 37.9995602, -122.6370571 37.9998167, -122.6375615 38.0000271, -122.6378287 38.0001532, -122.6377358 38.000505, -122.6378333 38.000833)",,1.0,20,240,84,28
2607367913,110405733,0,12180491,Salix Avenue,residential,False,156.332,,"LINESTRING (-122.6366104 38.0007649, -122.6371701 38.0005909, -122.6372675 38.000638, -122.6375088 38.000756, -122.637756 38.0009313, -122.6378743 38.0011081, -122.6380204 38.0012134)",,1.0,20,241,85,29
2607367918,8156983274,0,12176360,Castle Rock Avenue,residential,False,41.592,,"LINESTRING (-122.6379081 38.0084542, -122.6375305 38.0082275)",,1.0,20,242,86,105
2607367918,110408704,0,12190291,Carson Road,residential,False,49.114,,"LINESTRING (-122.6379081 38.0084542, -122.6379251 38.0086106, -122.6377898 38.0088746)",,1.0,20,243,86,36
2607367918,110457286,0,12190291,Carson Road,residential,False,55.407,,"LINESTRING (-122.6379081 38.0084542, -122.6378773 38.0083453, -122.6377509 38.0081979, -122.6376935 38.0080851, -122.6376795 38.0079985)",,1.0,20,244,86,69
2613936043,110390230,0,12187492,Oak Grove Avenue,residential,False,334.414,,"LINESTRING (-122.6364522 38.0016455, -122.6364314 38.0017723, -122.6365301 38.0021447, -122.6365197 38.0022716, -122.636393 38.002423, -122.6363417 38.0026732, -122.6361958 38.0029035, -122.6361745 38.0030648, -122.6361048 38.003258, -122.6360093 38.0035261, -122.6359381 38.0037149, -122.6358689 38.0039172, -122.6358328 38.004165, -122.6357899 38.0045459)",,1.0,20,245,87,21
2614020517,110408698,0,12178908,Railroad Avenue,residential,False,49.191,,"LINESTRING (-122.6345111 38.0072239, -122.634908 38.0075368)",,1.0,20,246,88,33
2614020517,110390211,0,12178908,Railroad Avenue,residential,False,204.833,,"LINESTRING (-122.6345111 38.0072239, -122.6341591 38.0068714, -122.633656 38.0066312, -122.6331933 38.0065589, -122.6324885 38.0066171)",,1.0,20,247,88,20
2614020517,110389269,0,255724928,,service,False,56.509,,"LINESTRING (-122.6345111 38.0072239, -122.6347137 38.0070706, -122.6349659 38.0068637)",,1.0,20,248,88,16
2614020519,110408704,0,255724930,,service,False,235.978,,"LINESTRING (-122.6357098 38.0075552, -122.6361119 38.0077786, -122.6364279 38.0079541, -122.6367484 38.0081322, -122.63733 38.0084595, -122.6376935 38.0087275, -122.6377898 38.0088746)",,1.0,20,249,89,36
2614058336,8156983276,0,12176360,Castle Rock Avenue,residential,False,41.519,,"LINESTRING (-122.6370768 38.0078901, -122.6371004 38.0079693, -122.6373952 38.0081463)",,1.0,20,250,90,107
2614058336,8005590451,0,12176360,Castle Rock Avenue,residential,False,103.60599999999998,,"LINESTRING (-122.6370768 38.0078901, -122.6369975 38.0076237, -122.6369428 38.0074051, -122.6366495 38.0072063, -122.6364945 38.0071604)",,1.0,20,251,90,102
2614058336,8156983275,0,255727121,,residential,False,38.523,,"LINESTRING (-122.6370768 38.0078901, -122.6374579 38.0079633, -122.6375044 38.0079707)",,1.0,20,252,90,106
2618772538,110371821,0,903563920,Pine Way,service,False,81.952,private,"LINESTRING (-122.6302437 38.0058831, -122.6307047 38.0059465, -122.6308777 38.0058312, -122.6311118 38.0057868)",driveway,1.0,20,253,91,6
2630144525,2630144530,0,12190658,Fire Road,residential,False,43.784,,"LINESTRING (-122.6299263 38.0088232, -122.6303476 38.009035)",,1.0,20,254,92,93
2630144525,2630144530,1,257509689,,unclassified,False,64.899,,"LINESTRING (-122.6299263 38.0088232, -122.6299926 38.0087493, -122.6301582 38.0087369, -122.6302423 38.008797, -122.6303391 38.008866, -122.6303338 38.0089486, -122.6303476 38.009035)",,1.0,20,255,92,93
2630144525,110425653,0,"[12190658, 257509690]",Fire Road,"['track', 'residential']",False,432.9620000000001,no,"LINESTRING (-122.6299263 38.0088232, -122.6292317 38.0084741, -122.6285642 38.0080714, -122.6283463 38.0079238, -122.6282372 38.0077519, -122.6281879 38.0072487, -122.6280668 38.00723, -122.6276782 38.0072326, -122.6274556 38.0071519, -122.627333 38.0070111, -122.6273531 38.0066379, -122.6272791 38.0065248, -122.6269677 38.0064766, -122.62685 38.0063707)",,1.0,20,256,92,52
2630144530,2630144525,0,12190658,Fire Road,residential,False,43.784,,"LINESTRING (-122.6303476 38.009035, -122.6299263 38.0088232)",,1.0,20,257,93,92
2630144530,2630144525,1,257509689,,unclassified,False,64.899,,"LINESTRING (-122.6303476 38.009035, -122.6303338 38.0089486, -122.6303391 38.008866, -122.6302423 38.008797, -122.6301582 38.0087369, -122.6299926 38.0087493, -122.6299263 38.0088232)",,1.0,20,258,93,92
2630144530,8280616022,0,12190658,Fire Road,residential,False,570.907,,"LINESTRING (-122.6303476 38.009035, -122.6306156 38.0091697, -122.6313166 38.0094561, -122.631784 38.0097016, -122.6322514 38.0099082, -122.6327174 38.0100557, -122.6333704 38.0092331, -122.6336379 38.0090326, -122.6343259 38.0089569, -122.6347829 38.0089078, -122.6351724 38.0086419, -122.6352081 38.0082197)",,1.0,20,259,93,109
2882876541,2882876550,0,12183518,White Hill Fire Road,track,False,312.01899999999995,,"LINESTRING (-122.641497 37.994743, -122.641377 37.994689, -122.641124 37.994533, -122.640761 37.994377, -122.640519 37.99421, -122.640311 37.993972, -122.640157 37.993837, -122.639844 37.993686, -122.639623 37.993641, -122.639164 37.993619, -122.638751 37.993636, -122.638621 37.993672, -122.6384737 37.9937262)",,1.0,20,260,94,95
2882876541,110425568,0,12183518,White Hill Fire Road,track,False,228.295,,"LINESTRING (-122.641497 37.994743, -122.641705 37.994819, -122.641965 37.994891, -122.642033 37.994938, -122.64205 37.994971, -122.642052 37.995116, -122.642077 37.995184, -122.642102 37.995214, -122.642318 37.995349, -122.642388 37.995441, -122.642368 37.99562, -122.642285 37.995903, -122.642288 37.996047, -122.642354 37.996182, -122.642493 37.996365)",,1.0,20,261,94,50
2882876550,110425597,0,12183518,White Hill Fire Road,track,False,143.554,,"LINESTRING (-122.6384737 37.9937262, -122.638407 37.993854, -122.638364 37.993917, -122.638321 37.994058, -122.638231 37.994224, -122.638066 37.994398, -122.637967 37.994474, -122.637768 37.994563, -122.637671 37.99464, -122.637516 37.99471)",,1.0,20,262,95,51
2882876550,2882876541,0,12183518,White Hill Fire Road,track,False,312.01899999999995,,"LINESTRING (-122.6384737 37.9937262, -122.638621 37.993672, -122.638751 37.993636, -122.639164 37.993619, -122.639623 37.993641, -122.639844 37.993686, -122.640157 37.993837, -122.640311 37.993972, -122.640519 37.99421, -122.640761 37.994377, -122.641124 37.994533, -122.641377 37.994689, -122.641497 37.994743)",,1.0,20,263,95,94
3552151798,110425663,0,96332049,White Hill Fire Road,track,False,406.213,,"LINESTRING (-122.6176071 38.0066549, -122.618031 38.006958, -122.618335 38.00708, -122.618709 38.007153, -122.618902 38.007161, -122.619298 38.007131, -122.619468 38.007134, -122.619653 38.007177, -122.619862 38.007249, -122.620277 38.007417, -122.620451 38.007459, -122.621115 38.007534, -122.621296 38.007583, -122.6218605 38.0078283)",,1.0,20,264,96,53
3552151798,1120925533,0,96367138,Martha L. McCormack Trail,footway,False,360.992,yes,"LINESTRING (-122.6176071 38.0066549, -122.6174963 38.0066971, -122.6174534 38.0069084, -122.6174319 38.007179, -122.6175607 38.0073227, -122.6179362 38.0074664, -122.6184082 38.007534, -122.6188696 38.0077454, -122.6188261 38.0078899, -122.6184506 38.0081182, -122.6178713 38.0085324, -122.6176985 38.0087083)",,1.0,20,265,96,71
6169955647,110425568,0,12183518,White Hill Fire Road,track,False,822.3139999999999,,"LINESTRING (-122.6503714 37.9953539, -122.6503533 37.995355, -122.6502897 37.995376, -122.6501684 37.995419, -122.6500887 37.9954587, -122.6500121 37.995496, -122.6499477 37.9955216, -122.6498106 37.9955689, -122.6497434 37.9955952, -122.6496763 37.9956311, -122.649301 37.995887, -122.64919 37.996002, -122.649077 37.9962, -122.648952 37.99635, -122.648705 37.996446, -122.64783 37.996666, -122.647692 37.996667, -122.647561 37.996634, -122.647332 37.996515, -122.646722 37.996262, -122.646394 37.996132, -122.646176 37.996075, -122.646039 37.996083, -122.645686 37.996163, -122.645096 37.996238, -122.644923 37.996286, -122.64476 37.996353, -122.6445892 37.9963866, -122.64408 37.996346, -122.643621 37.996345, -122.643488 37.99632, -122.643292 37.996226, -122.643203 37.996213, -122.643161 37.996226, -122.643117 37.996289, -122.643106 37.996613, -122.643041 37.996663, -122.642952 37.996653, -122.642874 37.996616, -122.642493 37.996365)",,1.0,20,266,97,50
6169955647,110405832,0,12183518,White Hill Fire Road,track,False,26.7,,"LINESTRING (-122.6503714 37.9953539, -122.650415 37.9953514, -122.6504474 37.9953584, -122.6504798 37.9953706, -122.6505285 37.9953813, -122.6506073 37.9953928, -122.6506661 37.9954049)",,1.0,20,267,97,32
7353507152,110371821,0,786450964,Pine Way,service,False,96.995,private,"LINESTRING (-122.6306096 38.0050554, -122.6307494 38.0051153, -122.6308467 38.005192, -122.6309086 38.0052506, -122.6310024 38.0054165, -122.6310714 38.0056187, -122.6310803 38.0056717, -122.6311118 38.0057868)",driveway,1.0,20,268,98,6
8005590444,8005590448,0,858796031,,service,False,56.401,,"LINESTRING (-122.6363479 38.0070412, -122.6363375 38.0070153, -122.635944 38.0067544, -122.635918 38.0067445, -122.6358521 38.0067486)",,1.0,20,269,99,100
8005590448,8005590449,0,858796030,,service,True,24.994,,"LINESTRING (-122.6358521 38.0067486, -122.635632 38.0068916)",,1.0,20,270,100,101
8005590448,8005590444,0,858796031,,service,False,56.401,,"LINESTRING (-122.6358521 38.0067486, -122.635918 38.0067445, -122.635944 38.0067544, -122.6363375 38.0070153, -122.6363479 38.0070412)",,1.0,20,271,100,99
8005590449,110389271,0,12189972,Crescent Drive,residential,False,15.151,,"LINESTRING (-122.635632 38.0068916, -122.6357271 38.0070054)",,1.0,20,272,101,17
8005590449,110442078,0,12189972,Crescent Drive,residential,False,217.867,,"LINESTRING (-122.635632 38.0068916, -122.6354314 38.0066518, -122.6352769 38.006312, -122.6352694 38.0061172, -122.635385 38.0058609, -122.635652 38.0055938, -122.6362562 38.0054276)",,1.0,20,273,101,60
8005590451,110389273,0,12176360,Castle Rock Avenue,residential,False,14.874,,"LINESTRING (-122.6364945 38.0071604, -122.636328 38.0071343)",,1.0,20,274,102,18
8005590451,2614058336,0,12176360,Castle Rock Avenue,residential,False,103.606,,"LINESTRING (-122.6364945 38.0071604, -122.6366495 38.0072063, -122.6369428 38.0074051, -122.6369975 38.0076237, -122.6370768 38.0078901)",,1.0,20,275,102,90
8005590451,110421437,0,12182306,Garden Way,residential,False,98.904,,"LINESTRING (-122.6364945 38.0071604, -122.6366288 38.0070754, -122.6369247 38.0069403, -122.6374596 38.0067018)",,1.0,20,276,102,47
8156954911,110408707,0,620535167,Railroad Avenue,residential,False,57.804,,"LINESTRING (-122.6452979 38.0126303, -122.645868 38.012892)",,1.0,20,277,103,38
8156954911,8156954912,0,876430703,,service,False,32.208,,"LINESTRING (-122.6452979 38.0126303, -122.6451492 38.0128952)",,1.0,20,278,103,104
8156954911,110377361,0,620535167,Railroad Avenue,residential,False,139.471,,"LINESTRING (-122.6452979 38.0126303, -122.6449416 38.0124667, -122.643948 38.0119658)",,1.0,20,279,103,11
8156954912,110408707,0,12189220,San Geronimo Valley Drive,residential,False,62.973,,"LINESTRING (-122.6451492 38.0128952, -122.645868 38.012892)",,1.0,20,280,104,38
8156954912,110355652,0,12189220,San Geronimo Valley Drive,residential,False,51.137,,"LINESTRING (-122.6451492 38.0128952, -122.6445655 38.0128977)",,1.0,20,281,104,0
8156954912,8156954911,0,876430703,,service,False,32.208,,"LINESTRING (-122.6451492 38.0128952, -122.6452979 38.0126303)",,1.0,20,282,104,103
8156983274,2607367918,0,12176360,Castle Rock Avenue,residential,False,41.592,,"LINESTRING (-122.6375305 38.0082275, -122.6379081 38.0084542)",,1.0,20,283,105,86
8156983274,8156983276,0,12176360,Castle Rock Avenue,residential,False,14.901,,"LINESTRING (-122.6375305 38.0082275, -122.6373952 38.0081463)",,1.0,20,284,105,107
8156983274,110457286,0,876431154,,service,False,28.615,,"LINESTRING (-122.6375305 38.0082275, -122.6376795 38.0079985)",,1.0,20,285,105,69
8156983275,110457286,0,255727121,,residential,False,15.649,,"LINESTRING (-122.6375044 38.0079707, -122.6376795 38.0079985)",,1.0,20,286,106,69
8156983275,8156983276,0,876431155,,service,False,21.744,,"LINESTRING (-122.6375044 38.0079707, -122.6373952 38.0081463)",,1.0,20,287,106,107
8156983275,2614058336,0,255727121,,residential,False,38.523,,"LINESTRING (-122.6375044 38.0079707, -122.6374579 38.0079633, -122.6370768 38.0078901)",,1.0,20,288,106,90
8156983276,8156983274,0,12176360,Castle Rock Avenue,residential,False,14.901,,"LINESTRING (-122.6373952 38.0081463, -122.6375305 38.0082275)",,1.0,20,289,107,105
8156983276,8156983275,0,876431155,,service,False,21.744,,"LINESTRING (-122.6373952 38.0081463, -122.6375044 38.0079707)",,1.0,20,290,107,106
8156983276,2614058336,0,12176360,Castle Rock Avenue,residential,False,41.519,,"LINESTRING (-122.6373952 38.0081463, -122.6371004 38.0079693, -122.6370768 38.0078901)",,1.0,20,291,107,90
8156990657,110408705,0,12178908,Railroad Avenue,residential,False,199.642,,"LINESTRING (-122.638145 38.0090623, -122.6400563 38.0100399)",,1.0,20,292,108,37
8156990657,110408704,0,12178908,Railroad Avenue,residential,False,37.471,,"LINESTRING (-122.638145 38.0090623, -122.6377898 38.0088746)",,1.0,20,293,108,36
8156990657,110457276,0,876431737,,residential,False,50.843,,"LINESTRING (-122.638145 38.0090623, -122.6380084 38.009079, -122.6378126 38.0091239, -122.6377087 38.0091482, -122.6375867 38.0091831)",,1.0,20,294,108,68
8280616022,2630144530,0,12190658,Fire Road,residential,False,570.907,,"LINESTRING (-122.6352081 38.0082197, -122.6351724 38.0086419, -122.6347829 38.0089078, -122.6343259 38.0089569, -122.6336379 38.0090326, -122.6333704 38.0092331, -122.6327174 38.0100557, -122.6322514 38.0099082, -122.631784 38.0097016, -122.6313166 38.0094561, -122.6306156 38.0091697, -122.6303476 38.009035)",,1.0,20,295,109,93
8280616022,110408698,0,"[12190658, 12186418]","['Fire Road', 'Pine Avenue']",residential,False,201.307,,"LINESTRING (-122.6352081 38.0082197, -122.6352113 38.0081857, -122.6349076 38.0080461, -122.6345004 38.0081331, -122.6341474 38.0079861, -122.6340972 38.0079212, -122.6341057 38.0078524, -122.6344775 38.0076903, -122.634908 38.0075368)",,1.0,20,296,109,33
8280616022,8280616030,0,890942644,,service,False,50.766,,"LINESTRING (-122.6352081 38.0082197, -122.6352955 38.0082776, -122.6353362 38.008302, -122.6353672 38.0083206, -122.6354104 38.0083426, -122.635463 38.0083625, -122.6355151 38.0083824, -122.6355986 38.0084177, -122.6356992 38.0084577)",,1.0,20,297,109,110
8280616030,8280616022,0,890942644,,service,False,50.766,,"LINESTRING (-122.6356992 38.0084577, -122.6355986 38.0084177, -122.6355151 38.0083824, -122.635463 38.0083625, -122.6354104 38.0083426, -122.6353672 38.0083206, -122.6353362 38.008302, -122.6352955 38.0082776, -122.6352081 38.0082197)",,1.0,20,298,110,109
8398747289,110425794,0,"[904358938, 904358939, 904358940]",Crow Bar,path,False,1259.012,,"LINESTRING (-122.6533397 37.9996382, -122.6533436 37.9996958, -122.6533361 37.9997411, -122.653315 37.9997958, -122.6532891 37.9998545, -122.6532626 37.9998814, -122.6532217 37.9998969, -122.6531984 37.9998966, -122.6531752 37.9999103, -122.6531564 37.9999331, -122.6531255 37.999955, -122.6530237 38.0000088, -122.6529291 38.0000552, -122.6528832 38.0000855, -122.6528214 38.0001359, -122.6527011 38.000185, -122.6526395 38.0002243, -122.6525263 38.0002696, -122.6524807 38.0003044, -122.6523654 38.0003462, -122.652311 38.0004018, -122.6521954 38.0004751, -122.6521262 38.0005467, -122.6520836 38.0005703, -122.6520476 38.0006236, -122.6519779 38.000682, -122.6519177 38.0006976, -122.6518232 38.0007041, -122.6517753 38.0007173, -122.6517113 38.0007485, -122.6516333 38.0008038, -122.6515661 38.0008607, -122.6514968 38.0008705, -122.6513948 38.0008989, -122.6512579 38.0009848, -122.6511678 38.000985, -122.6510815 38.0009966, -122.6510463 38.0010229, -122.651029 38.0010557, -122.6510308 38.0010755, -122.6510003 38.0010942, -122.6509602 38.0011003, -122.6509219 38.0011105, -122.650872 38.0011088, -122.6508187 38.0010991, -122.650753 38.0011024, -122.6507016 38.0011256, -122.6506026 38.0011729, -122.6504648 38.0012226, -122.6503419 38.0012491, -122.6503091 38.0012927, -122.6502935 38.0013279, -122.650281 38.0013749, -122.6502616 38.0013943, -122.6502303 38.0013869, -122.6501864 38.0013554, -122.6501472 38.0013132, -122.6500973 38.0012675, -122.6500457 38.0012175, -122.6499583 38.0011638, -122.6498837 38.0011191, -122.6497619 38.0011017, -122.6496534 38.0011252, -122.6495336 38.0011453, -122.6493947 38.0011793, -122.6493108 38.0011711, -122.6491998 38.0011728, -122.6491487 38.0011551, -122.6491003 38.0011042, -122.6490308 38.0010749, -122.649011 38.001053, -122.6490149 38.0010295, -122.6490287 38.0010082, -122.6490286 38.0009873, -122.649073 38.0009564, -122.6490851 38.0009222, -122.6490824 38.0008861, -122.649105 38.0008527, -122.6491289 38.0008392, -122.6491313 38.0008112, -122.6491527 38.0007799, -122.6491761 38.0007559, -122.6491769 38.0007216, -122.6491919 38.0006976, -122.6491784 38.0006677, -122.6491215 38.0006437, -122.6490776 38.0006327, -122.649013 38.0006203, -122.6489774 38.0006289, -122.6489444 38.0006441, -122.648909 38.0006643, -122.6488629 38.0006713, -122.6488185 38.0006766, -122.6487478 38.0007208, -122.6486888 38.0007672, -122.6486156 38.0008145, -122.6485466 38.0008501, -122.6484966 38.0008602, -122.6484327 38.0008916, -122.6483609 38.0009123, -122.6483005 38.0009339, -122.6482434 38.0009593, -122.6481818 38.0009894, -122.6481201 38.0010225, -122.648076 38.0010413, -122.6480358 38.0010573, -122.648019 38.0010844, -122.6479773 38.0010908, -122.6479377 38.0011034, -122.6479092 38.0011327, -122.6478416 38.0011663, -122.6477753 38.0011806, -122.6477455 38.0011726, -122.6477208 38.0011578, -122.6476915 38.0011515, -122.6476456 38.0011648, -122.6475807 38.0011857, -122.6475155 38.0012276, -122.647479 38.0012658, -122.6474513 38.0013158, -122.6474482 38.0013771, -122.6474669 38.0014182, -122.6474991 38.0014515, -122.6475463 38.0015002, -122.6476039 38.0015239, -122.6476587 38.0015543, -122.6476674 38.0016051, -122.6476257 38.0016435, -122.6475763 38.0016759, -122.647506 38.0016653, -122.6474426 38.0016739, -122.6474047 38.0016966, -122.6473336 38.0016864, -122.6472634 38.0017138, -122.6472143 38.0017269, -122.6471328 38.0017273, -122.6470732 38.0017663, -122.6470291 38.0018276, -122.6469549 38.0018851, -122.6468948 38.001926, -122.6468015 38.0019709, -122.6466958 38.002011, -122.6466134 38.0020768, -122.6465387 38.0021175, -122.6464551 38.0022114, -122.6464104 38.0023243, -122.6463761 38.00248, -122.6462599 38.0025536, -122.6462023 38.0026151, -122.6460941 38.0026917, -122.6460057 38.00274, -122.6458224 38.0028262, -122.6456373 38.0029349, -122.6454404 38.003026, -122.645283 38.0030836, -122.645201 38.0031509, -122.6450797 38.0031506, -122.6449052 38.0031483, -122.6447918 38.0032258, -122.6446977 38.0032567, -122.6445119 38.0032786, -122.6443552 38.0033792, -122.6441966 38.0035055, -122.6441545 38.0036519, -122.6440391 38.0037509, -122.6438361 38.0037989, -122.6436716 38.003848, -122.643573 38.0039228, -122.6435339 38.0040377, -122.6435552 38.0040988, -122.6435781 38.0041437, -122.6435537 38.0041858)",,1.0,20,299,111,55
