OBJECTID,origin_osmid,dept_time,type,destin_osmid
63212,8398747289,0,local,8398747289
93349,2393115846,0,local,8398747289
8381,3552151798,0,local,8398747289
10111,3552151798,0,local,8398747289
93593,110389269,0,local,8398747289
58853,2006817311,0,local,8398747289
60358,110389263,0,local,8398747289
10837,3552151798,0,local,8398747289
10463,2006817287,0,local,8398747289
94276,2607367913,0,local,8398747289
9792,3552151798,0,local,8398747289
11418,3552151798,0,local,8398747289
93621,110390230,0,local,8398747289
8694,3552151798,0,local,8398747289
10847,3552151798,0,local,8398747289
9594,3552151798,0,local,8398747289
9787,3552151798,0,local,8398747289
10342,2006817287,0,local,8398747289
10380,3552151798,0,local,8398747289
10868,3552151798,0,local,8398747289
11261,3552151798,0,local,8398747289
93102,110405696,0,local,8398747289
9926,3552151798,0,local,8398747289
9237,3552151798,0,local,8398747289
94119,110442476,0,local,8398747289
94058,2506294904,0,local,8398747289
59871,2006817311,0,local,8398747289
8446,3552151798,0,local,8398747289
10555,3552151798,0,local,8398747289
80364,3552151798,0,local,8398747289
93369,110408700,0,local,8398747289
10105,2006817287,0,local,8398747289
10187,3552151798,0,local,8398747289
8357,3552151798,0,local,8398747289
60525,2006817311,0,local,8398747289
9248,3552151798,0,local,8398747289
9903,3552151798,0,local,8398747289
10513,2006817287,0,local,8398747289
93156,110377371,0,local,8398747289
60111,2006817311,0,local,8398747289
8611,3552151798,0,local,8398747289
93060,110421437,0,local,8398747289
93552,110390230,0,local,8398747289
63125,110405674,0,local,8398747289
7668,2006817287,0,local,8398747289
63109,8398747289,0,local,8398747289
8652,3552151798,0,local,8398747289
10002,2006817287,0,local,8398747289
93627,110393307,0,local,8398747289
10109,3552151798,0,local,8398747289
9077,3552151798,0,local,8398747289
51318,3552151798,0,local,8398747289
11227,3552151798,0,local,8398747289
9823,3552151798,0,local,8398747289
9870,3552151798,0,local,8398747289
11069,3552151798,0,local,8398747289
60113,2006817311,0,local,8398747289
59381,2006817311,0,local,8398747289
9824,3552151798,0,local,8398747289
9574,3552151798,0,local,8398747289
9770,3552151798,0,local,8398747289
94158,110416526,0,local,8398747289
11220,3552151798,0,local,8398747289
10840,3552151798,0,local,8398747289
10484,3552151798,0,local,8398747289
64023,8398747289,0,local,8398747289
60089,2006817311,0,local,8398747289
93165,110390211,0,local,8398747289
63332,8398747289,0,local,8398747289
9229,3552151798,0,local,8398747289
93756,110446110,0,local,8398747289
7998,8398747289,0,local,8398747289
9242,3552151798,0,local,8398747289
10622,3552151798,0,local,8398747289
63565,110405674,0,local,8398747289
63464,8398747289,0,local,8398747289
9971,2006817287,0,local,8398747289
9681,3552151798,0,local,8398747289
10849,3552151798,0,local,8398747289
10399,3552151798,0,local,8398747289
16782,3552151798,0,local,8398747289
10743,3552151798,0,local,8398747289
9841,3552151798,0,local,8398747289
63480,8398747289,0,local,8398747289
93107,110405696,0,local,8398747289
93164,2607367918,0,local,8398747289
62938,8398747289,0,local,8398747289
8493,3552151798,0,local,8398747289
95130,2006817311,0,local,8398747289
9496,3552151798,0,local,8398747289
9273,3552151798,0,local,8398747289
95808,3552151798,0,local,8398747289
10400,3552151798,0,local,8398747289
9491,3552151798,0,local,8398747289
63176,8398747289,0,local,8398747289
10687,3552151798,0,local,8398747289
93128,110377366,0,local,8398747289
31615,3552151798,0,local,8398747289
8394,3552151798,0,local,8398747289
62940,110405674,0,local,8398747289
1069,110377371,0,local,8398747289
9619,3552151798,0,local,8398747289
10772,8398747289,0,local,8398747289
93196,110359283,0,local,8398747289
94110,110359283,0,local,8398747289
19804,8398747289,0,local,8398747289
11403,3552151798,0,local,8398747289
8815,3552151798,0,local,8398747289
62922,110405674,0,local,8398747289
9900,3552151798,0,local,8398747289
9597,3552151798,0,local,8398747289
8972,8398747289,0,local,8398747289
11049,3552151798,0,local,8398747289
8879,3552151798,0,local,8398747289
4387,3552151798,0,local,8398747289
10479,3552151798,0,local,8398747289
11152,3552151798,0,local,8398747289
9201,3552151798,0,local,8398747289
8763,3552151798,0,local,8398747289
95660,110393348,0,local,8398747289
9912,3552151798,0,local,8398747289
64021,8398747289,0,local,8398747289
63020,2506294904,0,local,8398747289
10310,3552151798,0,local,8398747289
10529,3552151798,0,local,8398747289
95809,110408705,0,local,8398747289
8505,3552151798,0,local,8398747289
11240,3552151798,0,local,8398747289
9422,3552151798,0,local,8398747289
62985,8398747289,0,local,8398747289
52019,110371884,0,local,8398747289
59773,3552151798,0,local,8398747289
93795,110390211,0,local,8398747289
63037,8398747289,0,local,8398747289
9132,3552151798,0,local,8398747289
63065,8398747289,0,local,8398747289
10348,3552151798,0,local,8398747289
9187,3552151798,0,local,8398747289
63079,8398747289,0,local,8398747289
8949,3552151798,0,local,8398747289
8125,3552151798,0,local,8398747289
12927,3552151798,0,local,8398747289
9208,3552151798,0,local,8398747289
93167,110405674,0,local,8398747289
11011,3552151798,0,local,8398747289
94908,3552151798,0,local,8398747289
11269,3552151798,0,local,8398747289
10193,3552151798,0,local,8398747289
8025,3552151798,0,local,8398747289
12602,3552151798,0,local,8398747289
9326,3552151798,0,local,8398747289
60808,2006817311,0,local,8398747289
93541,110446110,0,local,8398747289
62943,8398747289,0,local,8398747289
9998,3552151798,0,local,8398747289
10851,3552151798,0,local,8398747289
8675,3552151798,0,local,8398747289
9731,3552151798,0,local,8398747289
9149,3552151798,0,local,8398747289
62757,3552151798,0,local,8398747289
93246,110377371,0,local,8398747289
9076,3552151798,0,local,8398747289
9047,3552151798,0,local,8398747289
12397,3552151798,0,local,8398747289
93571,110446110,0,local,8398747289
93794,110405674,0,local,8398747289
10466,3552151798,0,local,8398747289
93784,110414648,0,local,8398747289
10778,3552151798,0,local,8398747289
8954,3552151798,0,local,8398747289
9354,3552151798,0,local,8398747289
94137,110405763,0,local,8398747289
93821,8156990657,0,local,8398747289
10064,3552151798,0,local,8398747289
62542,2006817311,0,local,8398747289
8427,3552151798,0,local,8398747289
9720,3552151798,0,local,8398747289
9642,3552151798,0,local,8398747289
8907,3552151798,0,local,8398747289
93528,110393315,0,local,8398747289
54177,3552151798,0,local,8398747289
10788,3552151798,0,local,8398747289
67777,3552151798,0,local,8398747289
9078,3552151798,0,local,8398747289
63028,8398747289,0,local,8398747289
8587,3552151798,0,local,8398747289
11500,3552151798,0,local,8398747289
9174,3552151798,0,local,8398747289
10081,3552151798,0,local,8398747289
11311,3552151798,0,local,8398747289
9236,3552151798,0,local,8398747289
8443,3552151798,0,local,8398747289
85172,110427844,0,local,8398747289
93244,110442482,0,local,8398747289
8121,110416523,0,local,8398747289
11470,3552151798,0,local,8398747289
11203,3552151798,0,local,8398747289
62927,8398747289,0,local,8398747289
9082,3552151798,0,local,8398747289
9505,3552151798,0,local,8398747289
8337,3552151798,0,local,8398747289
8868,3552151798,0,local,8398747289
93083,110389273,0,local,8398747289
1442,110390230,0,local,8398747289
10827,3552151798,0,local,8398747289
9658,3552151798,0,local,8398747289
10526,3552151798,0,local,8398747289
10436,3552151798,0,local,8398747289
94213,2613936043,0,local,8398747289
8466,3552151798,0,local,8398747289
7952,8398747289,0,local,8398747289
10189,2006817287,0,local,8398747289
10723,3552151798,0,local,8398747289
93389,110410595,0,local,8398747289
8908,3552151798,0,local,8398747289
11339,1122942632,0,local,8398747289
63299,8398747289,0,local,8398747289
93812,110414648,0,local,8398747289
9593,3552151798,0,local,8398747289
10456,3552151798,0,local,8398747289
10067,3552151798,0,local,8398747289
10119,2006817287,0,local,8398747289
51269,110385113,0,local,8398747289
10386,3552151798,0,local,8398747289
14677,8398747289,0,local,8398747289
93797,3552151798,0,local,8398747289
93301,110408705,0,local,8398747289
10125,3552151798,0,local,8398747289
93622,2614020519,0,local,8398747289
8832,3552151798,0,local,8398747289
93574,110389263,0,local,8398747289
8563,3552151798,0,local,8398747289
9543,3552151798,0,local,8398747289
11314,3552151798,0,local,8398747289
8635,3552151798,0,local,8398747289
11076,3552151798,0,local,8398747289
14578,8398747289,0,local,8398747289
3257,8398747289,0,local,8398747289
52274,3552151798,0,local,8398747289
2653,110408705,0,local,8398747289
62982,8398747289,0,local,8398747289
58526,2006817311,0,local,8398747289
55046,8156954912,0,local,8398747289
9049,3552151798,0,local,8398747289
53565,2006817287,0,local,8398747289
8889,3552151798,0,local,8398747289
8520,3552151798,0,local,8398747289
10309,3552151798,0,local,8398747289
8190,8398747289,0,local,8398747289
15644,8398747289,0,local,8398747289
94076,8398747289,0,local,8398747289
11263,3552151798,0,local,8398747289
94092,110421919,0,local,8398747289
58570,2006817311,0,local,8398747289
9513,3552151798,0,local,8398747289
10198,3552151798,0,local,8398747289
84392,110377361,0,local,8398747289
9214,3552151798,0,local,8398747289
9518,3552151798,0,local,8398747289
9475,3552151798,0,local,8398747289
9120,3552151798,0,local,8398747289
58969,2006817311,0,local,8398747289
93948,110421437,0,local,8398747289
62087,2006817311,0,local,8398747289
21041,110405674,0,local,8398747289
8559,3552151798,0,local,8398747289
9603,3552151798,0,local,8398747289
65706,3552151798,0,local,8398747289
9252,3552151798,0,local,8398747289
9190,3552151798,0,local,8398747289
57893,110389263,0,local,8398747289
8309,3552151798,0,local,8398747289
1200,8398747289,0,local,8398747289
93141,110421873,0,local,8398747289
8755,3552151798,0,local,8398747289
10528,3552151798,0,local,8398747289
10068,3552151798,0,local,8398747289
9784,3552151798,0,local,8398747289
84473,8398747289,0,local,8398747289
93452,3552151798,0,local,8398747289
8720,3552151798,0,local,8398747289
11390,8398747289,0,local,8398747289
9544,3552151798,0,local,8398747289
63124,110405674,0,local,8398747289
94207,110442476,0,local,8398747289
93629,110421919,0,local,8398747289
94187,110377371,0,local,8398747289
8401,3552151798,0,local,8398747289
63459,8398747289,0,local,8398747289
9275,3552151798,0,local,8398747289
51904,110416523,0,local,8398747289
93517,110389263,0,local,8398747289
11070,3552151798,0,local,8398747289
93939,110405674,0,local,8398747289
10171,3552151798,0,local,8398747289
10308,3552151798,0,local,8398747289
63641,8398747289,0,local,8398747289
9644,3552151798,0,local,8398747289
50958,8398747289,0,local,8398747289
24106,3552151798,0,local,8398747289
8545,3552151798,0,local,8398747289
7943,8398747289,0,local,8398747289
58522,2006817311,0,local,8398747289
59274,2006817311,0,local,8398747289
11282,3552151798,0,local,8398747289
9470,3552151798,0,local,8398747289
62937,8398747289,0,local,8398747289
95936,3552151798,0,local,8398747289
31027,110405674,0,local,8398747289
59267,2006817311,0,local,8398747289
93432,110390230,0,local,8398747289
7926,110393307,0,local,8398747289
8565,3552151798,0,local,8398747289
56047,8398747289,0,local,8398747289
93779,110389263,0,local,8398747289
10127,2006817287,0,local,8398747289
20193,8398747289,0,local,8398747289
8359,3552151798,0,local,8398747289
10168,2006817287,0,local,8398747289
9838,3552151798,0,local,8398747289
11307,2006817311,0,local,8398747289
9300,3552151798,0,local,8398747289
93302,110410595,0,local,8398747289
10939,3552151798,0,local,8398747289
95867,2006817311,0,local,8398747289
93300,110410595,0,local,8398747289
62200,3552151798,0,local,8398747289
93387,110442482,0,local,8398747289
11210,2006817287,0,local,8398747289
93480,110390230,0,local,8398747289
10691,3552151798,0,local,8398747289
31767,2006817311,0,local,8398747289
93878,2614058336,0,local,8398747289
62977,8398747289,0,local,8398747289
11376,2613936043,0,local,8398747289
10566,2006817287,0,local,8398747289
61558,110410595,0,local,8398747289
93547,110425794,0,local,8398747289
93435,110393315,0,local,8398747289
94075,110377371,0,local,8398747289
95598,110442482,0,local,8398747289
1527,3552151798,0,local,8398747289
10102,3552151798,0,local,8398747289
93604,110390230,0,local,8398747289
11355,3552151798,0,local,8398747289
11078,3552151798,0,local,8398747289
93287,110389263,0,local,8398747289
11383,3552151798,0,local,8398747289
93286,110427844,0,local,8398747289
62238,2006817311,0,local,8398747289
8916,3552151798,0,local,8398747289
11487,8398747289,0,local,8398747289
95810,8398747289,0,local,8398747289
8382,3552151798,0,local,8398747289
8203,3552151798,0,local,8398747289
9135,3552151798,0,local,8398747289
58476,3552151798,0,local,8398747289
10471,3552151798,0,local,8398747289
93754,110442482,0,local,8398747289
108,2006817311,0,local,8398747289
93299,2606393059,0,local,8398747289
8145,8398747289,0,local,8398747289
8911,3552151798,0,local,8398747289
8894,3552151798,0,local,8398747289
11079,3552151798,0,local,8398747289
60735,110405674,0,local,8398747289
8667,3552151798,0,local,8398747289
9116,3552151798,0,local,8398747289
11452,3552151798,0,local,8398747289
93614,110371884,0,local,8398747289
10452,3552151798,0,local,8398747289
10442,3552151798,0,local,8398747289
8935,3552151798,0,local,8398747289
93359,110410595,0,local,8398747289
59779,2006817311,0,local,8398747289
9271,3552151798,0,local,8398747289
9051,3552151798,0,local,8398747289
93820,8156990657,0,local,8398747289
54459,110405732,0,local,8398747289
55432,110410592,0,local,8398747289
8878,3552151798,0,local,8398747289
10228,3552151798,0,local,8398747289
10350,3552151798,0,local,8398747289
10411,3552151798,0,local,8398747289
9342,3552151798,0,local,8398747289
9515,3552151798,0,local,8398747289
63060,8398747289,0,local,8398747289
9056,3552151798,0,local,8398747289
8445,3552151798,0,local,8398747289
11342,3552151798,0,local,8398747289
95816,3552151798,0,local,8398747289
17340,8398747289,0,local,8398747289
8725,8398747289,0,local,8398747289
10803,3552151798,0,local,8398747289
9445,3552151798,0,local,8398747289
8602,3552151798,0,local,8398747289
9947,3552151798,0,local,8398747289
56177,3552151798,0,local,8398747289
63206,110405674,0,local,8398747289
9062,3552151798,0,local,8398747289
93113,2606393059,0,local,8398747289
9719,3552151798,0,local,8398747289
10384,3552151798,0,local,8398747289
9096,3552151798,0,local,8398747289
9129,3552151798,0,local,8398747289
9350,3552151798,0,local,8398747289
8269,3552151798,0,local,8398747289
10006,3552151798,0,local,8398747289
7978,8398747289,0,local,8398747289
8676,3552151798,0,local,8398747289
8501,3552151798,0,local,8398747289
9251,3552151798,0,local,8398747289
9529,3552151798,0,local,8398747289
10316,3552151798,0,local,8398747289
93945,110377354,0,local,8398747289
93407,110425794,0,local,8398747289
28397,110405674,0,local,8398747289
9735,3552151798,0,local,8398747289
93491,110393348,0,local,8398747289
93367,110405763,0,local,8398747289
93124,110370696,0,local,8398747289
94145,110450095,0,local,8398747289
10742,3552151798,0,local,8398747289
9503,3552151798,0,local,8398747289
10709,3552151798,0,local,8398747289
8709,8398747289,0,local,8398747289
8442,3552151798,0,local,8398747289
9117,3552151798,0,local,8398747289
93786,110405732,0,local,8398747289
11138,3552151798,0,local,8398747289
11374,3552151798,0,local,8398747289
62978,8398747289,0,local,8398747289
93858,110408698,0,local,8398747289
55441,8280616022,0,local,8398747289
59751,2006817311,0,local,8398747289
58763,3552151798,0,local,8398747289
8649,3552151798,0,local,8398747289
11414,3552151798,0,local,8398747289
7950,8398747289,0,local,8398747289
10511,3552151798,0,local,8398747289
9267,3552151798,0,local,8398747289
17323,8280616022,0,local,8398747289
93345,110408705,0,local,8398747289
31689,3552151798,0,local,8398747289
60070,2006817311,0,local,8398747289
8470,3552151798,0,local,8398747289
54506,110414638,0,local,8398747289
9709,3552151798,0,local,8398747289
94153,110405732,0,local,8398747289
10191,3552151798,0,local,8398747289
11137,3552151798,0,local,8398747289
9270,3552151798,0,local,8398747289
10325,3552151798,0,local,8398747289
9510,3552151798,0,local,8398747289
9301,3552151798,0,local,8398747289
11354,3552151798,0,local,8398747289
93297,110377371,0,local,8398747289
59529,110405674,0,local,8398747289
93335,2393115846,0,local,8398747289
9483,3552151798,0,local,8398747289
9927,3552151798,0,local,8398747289
11338,8398747289,0,local,8398747289
11385,3552151798,0,local,8398747289
10797,2006817287,0,local,8398747289
62952,110405674,0,local,8398747289
8939,3552151798,0,local,8398747289
8343,3552151798,0,local,8398747289
57394,110389263,0,local,8398747289
58483,3552151798,0,local,8398747289
93357,110410595,0,local,8398747289
60357,2506294904,0,local,8398747289
9613,3552151798,0,local,8398747289
10241,3552151798,0,local,8398747289
10678,3552151798,0,local,8398747289
93863,110377366,0,local,8398747289
11095,3552151798,0,local,8398747289
9608,3552151798,0,local,8398747289
10563,3552151798,0,local,8398747289
9634,3552151798,0,local,8398747289
9579,3552151798,0,local,8398747289
11219,3552151798,0,local,8398747289
93555,110390230,0,local,8398747289
9604,3552151798,0,local,8398747289
93401,110446110,0,local,8398747289
58595,2006817311,0,local,8398747289
11356,3552151798,0,local,8398747289
10311,3552151798,0,local,8398747289
58883,2006817311,0,local,8398747289
1231,110390230,0,local,8398747289
55456,3552151798,0,local,8398747289
31595,3552151798,0,local,8398747289
9641,3552151798,0,local,8398747289
58886,2006817311,0,local,8398747289
8679,3552151798,0,local,8398747289
9991,2006817287,0,local,8398747289
9055,3552151798,0,local,8398747289
8377,3552151798,0,local,8398747289
9327,3552151798,0,local,8398747289
8395,3552151798,0,local,8398747289
9920,3552151798,0,local,8398747289
10861,3552151798,0,local,8398747289
93479,110414648,0,local,8398747289
93169,8398747289,0,local,8398747289
10481,3552151798,0,local,8398747289
94722,3552151798,0,local,8398747289
1535,3552151798,0,local,8398747289
8514,3552151798,0,local,8398747289
9945,2006817311,0,local,8398747289
8457,3552151798,0,local,8398747289
10149,3552151798,0,local,8398747289
10043,3552151798,0,local,8398747289
11140,3552151798,0,local,8398747289
10705,3552151798,0,local,8398747289
62974,8398747289,0,local,8398747289
10062,3552151798,0,local,8398747289
7969,8398747289,0,local,8398747289
93492,110389263,0,local,8398747289
86525,3552151798,0,local,8398747289
8419,3552151798,0,local,8398747289
9086,3552151798,0,local,8398747289
93625,110393332,0,local,8398747289
9359,3552151798,0,local,8398747289
10500,2006817287,0,local,8398747289
10338,3552151798,0,local,8398747289
10370,3552151798,0,local,8398747289
18718,110377371,0,local,8398747289
9468,3552151798,0,local,8398747289
10334,3552151798,0,local,8398747289
60896,2006817311,0,local,8398747289
62660,2006817287,0,local,8398747289
63080,8398747289,0,local,8398747289
8571,3552151798,0,local,8398747289
11402,3552151798,0,local,8398747289
8673,3552151798,0,local,8398747289
93701,3552151798,0,local,8398747289
7466,3552151798,0,local,8398747289
93798,110414648,0,local,8398747289
63023,8398747289,0,local,8398747289
10618,3552151798,0,local,8398747289
9173,3552151798,0,local,8398747289
11162,3552151798,0,local,8398747289
8881,3552151798,0,local,8398747289
9084,3552151798,0,local,8398747289
10755,3552151798,0,local,8398747289
9780,3552151798,0,local,8398747289
60842,2006817311,0,local,8398747289
9797,3552151798,0,local,8398747289
93520,110371821,0,local,8398747289
93078,110408705,0,local,8398747289
8646,3552151798,0,local,8398747289
93957,110377358,0,local,8398747289
94729,3552151798,0,local,8398747289
63008,8398747289,0,local,8398747289
59737,2006817311,0,local,8398747289
10474,3552151798,0,local,8398747289
11199,3552151798,0,local,8398747289
9500,3552151798,0,local,8398747289
93596,8156990657,0,local,8398747289
9083,3552151798,0,local,8398747289
9151,3552151798,0,local,8398747289
93364,110442478,0,local,8398747289
63203,8398747289,0,local,8398747289
63033,8398747289,0,local,8398747289
10689,3552151798,0,local,8398747289
407,8398747289,0,local,8398747289
10817,3552151798,0,local,8398747289
9766,3552151798,0,local,8398747289
93594,110393332,0,local,8398747289
93501,8280616030,0,local,8398747289
93826,110405674,0,local,8398747289
63181,8398747289,0,local,8398747289
9134,3552151798,0,local,8398747289
93091,110421873,0,local,8398747289
93818,110390230,0,local,8398747289
10440,3552151798,0,local,8398747289
93447,110370696,0,local,8398747289
9058,3552151798,0,local,8398747289
8400,3552151798,0,local,8398747289
58797,3552151798,0,local,8398747289
8560,3552151798,0,local,8398747289
62955,8398747289,0,local,8398747289
94911,3552151798,0,local,8398747289
11077,3552151798,0,local,8398747289
8415,3552151798,0,local,8398747289
9885,3552151798,0,local,8398747289
10800,2006817311,0,local,8398747289
66174,3552151798,0,local,8398747289
93189,110393307,0,local,8398747289
62988,110405674,0,local,8398747289
93440,110408705,0,local,8398747289
9253,3552151798,0,local,8398747289
10077,3552151798,0,local,8398747289
60796,2006817311,0,local,8398747289
94917,3552151798,0,local,8398747289
10135,3552151798,0,local,8398747289
9266,3552151798,0,local,8398747289
93328,110408705,0,local,8398747289
60933,2006817311,0,local,8398747289
9311,3552151798,0,local,8398747289
10079,3552151798,0,local,8398747289
9590,3552151798,0,local,8398747289
10346,3552151798,0,local,8398747289
8774,3552151798,0,local,8398747289
11184,3552151798,0,local,8398747289
55457,3552151798,0,local,8398747289
10155,2006817311,0,local,8398747289
9902,3552151798,0,local,8398747289
64257,110421919,0,local,8398747289
9200,3552151798,0,local,8398747289
93823,110450095,0,local,8398747289
10238,3552151798,0,local,8398747289
93590,110414648,0,local,8398747289
9892,3552151798,0,local,8398747289
63349,8398747289,0,local,8398747289
9124,3552151798,0,local,8398747289
8153,8398747289,0,local,8398747289
17367,3552151798,0,local,8398747289
8608,3552151798,0,local,8398747289
93247,110408705,0,local,8398747289
9959,2006817287,0,local,8398747289
9114,3552151798,0,local,8398747289
9194,3552151798,0,local,8398747289
63101,110405674,0,local,8398747289
8671,3552151798,0,local,8398747289
93288,110370198,0,local,8398747289
95423,2607367913,0,local,8398747289
9127,3552151798,0,local,8398747289
8521,3552151798,0,local,8398747289
14569,2630144530,0,local,8398747289
63106,8398747289,0,local,8398747289
62810,2006817311,0,local,8398747289
8650,3552151798,0,local,8398747289
93885,110393332,0,local,8398747289
9162,3552151798,0,local,8398747289
9599,3552151798,0,local,8398747289
10078,3552151798,0,local,8398747289
93079,110370198,0,local,8398747289
9222,3552151798,0,local,8398747289
10299,110442482,0,local,8398747289
8641,3552151798,0,local,8398747289
8566,3552151798,0,local,8398747289
93077,110370696,0,local,8398747289
10138,8398747289,0,local,8398747289
63302,110405674,0,local,8398747289
11072,3552151798,0,local,8398747289
63049,8398747289,0,local,8398747289
13518,3552151798,0,local,8398747289
9655,3552151798,0,local,8398747289
7505,3552151798,0,local,8398747289
94601,110405763,0,local,8398747289
16865,3552151798,0,local,8398747289
93209,110442476,0,local,8398747289
93064,110427844,0,local,8398747289
62930,110405674,0,local,8398747289
9616,3552151798,0,local,8398747289
58452,3552151798,0,local,8398747289
62913,8398747289,0,local,8398747289
9527,3552151798,0,local,8398747289
93143,8156990657,0,local,8398747289
10971,8398747289,0,local,8398747289
8830,3552151798,0,local,8398747289
8847,3552151798,0,local,8398747289
8688,3552151798,0,local,8398747289
93434,110414648,0,local,8398747289
59266,2006817311,0,local,8398747289
31763,3552151798,0,local,8398747289
94342,8398747289,0,local,8398747289
63042,8398747289,0,local,8398747289
8166,8398747289,0,local,8398747289
10506,3552151798,0,local,8398747289
93817,110389263,0,local,8398747289
63142,8398747289,0,local,8398747289
8369,3552151798,0,local,8398747289
10225,3552151798,0,local,8398747289
93073,110453827,0,local,8398747289
63102,2613936043,0,local,8398747289
83724,8398747289,0,local,8398747289
63048,8398747289,0,local,8398747289
9178,3552151798,0,local,8398747289
94190,110405674,0,local,8398747289
63059,8398747289,0,local,8398747289
8146,8398747289,0,local,8398747289
63214,110405674,0,local,8398747289
8896,3552151798,0,local,8398747289
10819,3552151798,0,local,8398747289
8594,3552151798,0,local,8398747289
10616,3552151798,0,local,8398747289
9612,3552151798,0,local,8398747289
8536,3552151798,0,local,8398747289
63940,110442478,0,local,8398747289
94130,110377371,0,local,8398747289
93493,8280616030,0,local,8398747289
93147,110405763,0,local,8398747289
9595,3552151798,0,local,8398747289
8874,3552151798,0,local,8398747289
94064,110442482,0,local,8398747289
63193,110405674,0,local,8398747289
11230,3552151798,0,local,8398747289
10636,3552151798,0,local,8398747289
93556,110389269,0,local,8398747289
93568,2607367913,0,local,8398747289
10830,3552151798,0,local,8398747289
9138,3552151798,0,local,8398747289
8202,3552151798,0,local,8398747289
93570,110427847,0,local,8398747289
8161,8398747289,0,local,8398747289
8460,3552151798,0,local,8398747289
1482,110390230,0,local,8398747289
9113,3552151798,0,local,8398747289
10512,3552151798,0,local,8398747289
8270,3552151798,0,local,8398747289
10057,3552151798,0,local,8398747289
59935,3552151798,0,local,8398747289
95127,2006817311,0,local,8398747289
9150,3552151798,0,local,8398747289
10232,3552151798,0,local,8398747289
9572,3552151798,0,local,8398747289
10377,3552151798,0,local,8398747289
93237,8156990657,0,local,8398747289
9480,3552151798,0,local,8398747289
10592,3552151798,0,local,8398747289
9410,3552151798,0,local,8398747289
53703,2006817311,0,local,8398747289
63502,110405674,0,local,8398747289
13875,3552151798,0,local,8398747289
10373,3552151798,0,local,8398747289
9308,3552151798,0,local,8398747289
94117,110408707,0,local,8398747289
23448,110450095,0,local,8398747289
93977,110405696,0,local,8398747289
91052,3552151798,0,local,8398747289
14586,8398747289,0,local,8398747289
10353,3552151798,0,local,8398747289
11097,3552151798,0,local,8398747289
8689,3552151798,0,local,8398747289
9623,3552151798,0,local,8398747289
8437,3552151798,0,local,8398747289
10349,3552151798,0,local,8398747289
86004,8398747289,0,local,8398747289
94099,2607367913,0,local,8398747289
11278,3552151798,0,local,8398747289
94111,110377371,0,local,8398747289
95496,2607367913,0,local,8398747289
9170,3552151798,0,local,8398747289
11490,3552151798,0,local,8398747289
63122,8398747289,0,local,8398747289
10674,3552151798,0,local,8398747289
9240,3552151798,0,local,8398747289
8664,3552151798,0,local,8398747289
58876,2006817311,0,local,8398747289
63100,8398747289,0,local,8398747289
62963,8398747289,0,local,8398747289
94098,110405674,0,local,8398747289
9263,3552151798,0,local,8398747289
93327,110442478,0,local,8398747289
93483,110371884,0,local,8398747289
93956,110416526,0,local,8398747289
93118,110405696,0,local,8398747289
8376,3552151798,0,local,8398747289
93790,8280616022,0,local,8398747289
93306,110442478,0,local,8398747289
8592,3552151798,0,local,8398747289
93340,110442478,0,local,8398747289
63466,110405674,0,local,8398747289
93497,110421919,0,local,8398747289
11501,3552151798,0,local,8398747289
11074,3552151798,0,local,8398747289
93080,110377371,0,local,8398747289
11208,3552151798,0,local,8398747289
10357,3552151798,0,local,8398747289
51946,3552151798,0,local,8398747289
93241,110410595,0,local,8398747289
94212,110421873,0,local,8398747289
8665,3552151798,0,local,8398747289
71369,3552151798,0,local,8398747289
94272,110377371,0,local,8398747289
93962,110446110,0,local,8398747289
9212,3552151798,0,local,8398747289
93792,110405674,0,local,8398747289
10501,3552151798,0,local,8398747289
59761,2006817311,0,local,8398747289
93373,110449953,0,local,8398747289
59269,2006817311,0,local,8398747289
11006,3552151798,0,local,8398747289
10646,3552151798,0,local,8398747289
8361,3552151798,0,local,8398747289
9358,3552151798,0,local,8398747289
93239,110442478,0,local,8398747289
7772,110408707,0,local,8398747289
63031,8398747289,0,local,8398747289
94127,2607367913,0,local,8398747289
11388,3552151798,0,local,8398747289
8863,3552151798,0,local,8398747289
60071,2006817311,0,local,8398747289
10598,3552151798,0,local,8398747289
72684,110450095,0,local,8398747289
93836,3552151798,0,local,8398747289
93424,110393348,0,local,8398747289
8527,3552151798,0,local,8398747289
95238,2006817311,0,local,8398747289
10339,3552151798,0,local,8398747289
10404,3552151798,0,local,8398747289
63138,3552151798,0,local,8398747289
9155,3552151798,0,local,8398747289
9867,3552151798,0,local,8398747289
93066,110393307,0,local,8398747289
63084,8398747289,0,local,8398747289
10599,3552151798,0,local,8398747289
9394,3552151798,0,local,8398747289
8038,3552151798,0,local,8398747289
94150,110408705,0,local,8398747289
93602,110393332,0,local,8398747289
63121,8398747289,0,local,8398747289
8511,3552151798,0,local,8398747289
72955,2006817287,0,local,8398747289
10794,3552151798,0,local,8398747289
9184,3552151798,0,local,8398747289
8182,8398747289,0,local,8398747289
9175,3552151798,0,local,8398747289
63040,8398747289,0,local,8398747289
10499,3552151798,0,local,8398747289
59212,2006817311,0,local,8398747289
11153,3552151798,0,local,8398747289
59000,2006817311,0,local,8398747289
8139,8398747289,0,local,8398747289
93967,110405732,0,local,8398747289
9674,3552151798,0,local,8398747289
7923,110421873,0,local,8398747289
11161,3552151798,0,local,8398747289
8288,3552151798,0,local,8398747289
93149,110414638,0,local,8398747289
10575,3552151798,0,local,8398747289
8373,3552151798,0,local,8398747289
93946,110409690,0,local,8398747289
10516,3552151798,0,local,8398747289
8605,3552151798,0,local,8398747289
14603,8398747289,0,local,8398747289
8504,3552151798,0,local,8398747289
10877,3552151798,0,local,8398747289
93295,8398747289,0,local,8398747289
93777,110409693,0,local,8398747289
10579,2006817287,0,local,8398747289
94735,3552151798,0,local,8398747289
62979,8398747289,0,local,8398747289
93403,2607367908,0,local,8398747289
63534,110405674,0,local,8398747289
11301,3552151798,0,local,8398747289
10540,3552151798,0,local,8398747289
8389,3552151798,0,local,8398747289
9038,3552151798,0,local,8398747289
9282,3552151798,0,local,8398747289
8825,3552151798,0,local,8398747289
95767,1114148461,0,local,8398747289
9334,3552151798,0,local,8398747289
7954,8398747289,0,local,8398747289
93448,110371884,0,local,8398747289
93783,110405732,0,local,8398747289
8007,8398747289,0,local,8398747289
9479,3552151798,0,local,8398747289
7959,8398747289,0,local,8398747289
10408,3552151798,0,local,8398747289
9161,3552151798,0,local,8398747289
87083,2006817311,0,local,8398747289
95136,2006817311,0,local,8398747289
9179,3552151798,0,local,8398747289
8690,3552151798,0,local,8398747289
9532,3552151798,0,local,8398747289
11090,3552151798,0,local,8398747289
60519,2006817311,0,local,8398747289
58998,2006817311,0,local,8398747289
9450,3552151798,0,local,8398747289
93272,110405696,0,local,8398747289
93578,110416526,0,local,8398747289
9605,3552151798,0,local,8398747289
62924,8398747289,0,local,8398747289
62908,110377371,0,local,8398747289
9203,3552151798,0,local,8398747289
63130,8398747289,0,local,8398747289
62957,8398747289,0,local,8398747289
93425,110442478,0,local,8398747289
10354,3552151798,0,local,8398747289
63108,8398747289,0,local,8398747289
8497,3552151798,0,local,8398747289
9110,3552151798,0,local,8398747289
10880,3552151798,0,local,8398747289
93613,110389263,0,local,8398747289
9941,3552151798,0,local,8398747289
8765,3552151798,0,local,8398747289
9219,3552151798,0,local,8398747289
56255,3552151798,0,local,8398747289
93368,8280616030,0,local,8398747289
63054,8398747289,0,local,8398747289
93203,110393315,0,local,8398747289
8105,110393348,0,local,8398747289
9550,3552151798,0,local,8398747289
267,3552151798,0,local,8398747289
9185,3552151798,0,local,8398747289
86385,110421919,0,local,8398747289
93307,110442478,0,local,8398747289
93499,110425771,0,local,8398747289
10681,3552151798,0,local,8398747289
8362,3552151798,0,local,8398747289
10549,3552151798,0,local,8398747289
93265,110421919,0,local,8398747289
271,2006817287,0,local,8398747289
8026,3552151798,0,local,8398747289
93267,110421437,0,local,8398747289
10433,3552151798,0,local,8398747289
93624,110446110,0,local,8398747289
9276,3552151798,0,local,8398747289
9864,3552151798,0,local,8398747289
94733,3552151798,0,local,8398747289
31610,3552151798,0,local,8398747289
10507,3552151798,0,local,8398747289
93829,110450095,0,local,8398747289
94242,110416526,0,local,8398747289
10976,3552151798,0,local,8398747289
9932,3552151798,0,local,8398747289
10986,3552151798,0,local,8398747289
93197,110371821,0,local,8398747289
88479,110421873,0,local,8398747289
93074,110393307,0,local,8398747289
93952,110405733,0,local,8398747289
8637,3552151798,0,local,8398747289
10771,8398747289,0,local,8398747289
51936,110414648,0,local,8398747289
8430,3552151798,0,local,8398747289
16864,3552151798,0,local,8398747289
81581,3552151798,0,local,8398747289
93221,8156954912,0,local,8398747289
8448,3552151798,0,local,8398747289
9573,3552151798,0,local,8398747289
10412,3552151798,0,local,8398747289
10867,3552151798,0,local,8398747289
84807,3552151798,0,local,8398747289
1765,3552151798,0,local,8398747289
93428,110377371,0,local,8398747289
10419,3552151798,0,local,8398747289
93383,2393115846,0,local,8398747289
8006,8398747289,0,local,8398747289
8439,3552151798,0,local,8398747289
9154,3552151798,0,local,8398747289
93799,110405674,0,local,8398747289
11228,3552151798,0,local,8398747289
8047,3552151798,0,local,8398747289
43773,110446110,0,local,8398747289
94892,2006817311,0,local,8398747289
64040,8398747289,0,local,8398747289
58869,2006817311,0,local,8398747289
93559,110390211,0,local,8398747289
26973,110371884,0,local,8398747289
11103,3552151798,0,local,8398747289
8231,3552151798,0,local,8398747289
17362,3552151798,0,local,8398747289
9646,3552151798,0,local,8398747289
10390,3552151798,0,local,8398747289
8195,8398747289,0,local,8398747289
8157,8398747289,0,local,8398747289
10431,3552151798,0,local,8398747289
63043,8398747289,0,local,8398747289
93312,110410595,0,local,8398747289
94141,8280616022,0,local,8398747289
93155,110405696,0,local,8398747289
8740,3552151798,0,local,8398747289
94731,3552151798,0,local,8398747289
95138,2006817311,0,local,8398747289
93111,110405674,0,local,8398747289
58862,2006817311,0,local,8398747289
93135,2393115846,0,local,8398747289
93553,110393315,0,local,8398747289
93281,110421873,0,local,8398747289
10458,3552151798,0,local,8398747289
10428,3552151798,0,local,8398747289
9545,3552151798,0,local,8398747289
8306,3552151798,0,local,8398747289
10648,3552151798,0,local,8398747289
8489,3552151798,0,local,8398747289
93313,2606393059,0,local,8398747289
62990,8398747289,0,local,8398747289
9123,3552151798,0,local,8398747289
10885,3552151798,0,local,8398747289
11092,3552151798,0,local,8398747289
63030,8398747289,0,local,8398747289
93151,110377371,0,local,8398747289
9609,3552151798,0,local,8398747289
93815,110421437,0,local,8398747289
8670,3552151798,0,local,8398747289
7997,8398747289,0,local,8398747289
9793,3552151798,0,local,8398747289
10675,3552151798,0,local,8398747289
53215,3552151798,0,local,8398747289
58988,2006817311,0,local,8398747289
8831,3552151798,0,local,8398747289
16866,3552151798,0,local,8398747289
93391,110416526,0,local,8398747289
31743,3552151798,0,local,8398747289
8697,3552151798,0,local,8398747289
10156,2006817287,0,local,8398747289
31902,110405674,0,local,8398747289
8397,3552151798,0,local,8398747289
10337,3552151798,0,local,8398747289
86531,3552151798,0,local,8398747289
8711,8398747289,0,local,8398747289
9476,3552151798,0,local,8398747289
9600,3552151798,0,local,8398747289
56218,3552151798,0,local,8398747289
95869,2006817311,0,local,8398747289
9231,3552151798,0,local,8398747289
93791,110453827,0,local,8398747289
8440,3552151798,0,local,8398747289
9302,3552151798,0,local,8398747289
10335,3552151798,0,local,8398747289
9592,3552151798,0,local,8398747289
11462,3552151798,0,local,8398747289
93959,2607367918,0,local,8398747289
8796,3552151798,0,local,8398747289
94720,3552151798,0,local,8398747289
62980,8398747289,0,local,8398747289
94090,2607367913,0,local,8398747289
9502,3552151798,0,local,8398747289
94149,1705290936,0,local,8398747289
59893,2006817311,0,local,8398747289
43946,3552151798,0,local,8398747289
9103,3552151798,0,local,8398747289
9839,3552151798,0,local,8398747289
9197,3552151798,0,local,8398747289
9118,3552151798,0,local,8398747289
10331,3552151798,0,local,8398747289
9611,3552151798,0,local,8398747289
63062,8398747289,0,local,8398747289
61858,2393115846,0,local,8398747289
50664,2393115846,0,local,8398747289
10397,2006817287,0,local,8398747289
95663,8398747289,0,local,8398747289
8925,3552151798,0,local,8398747289
9045,3552151798,0,local,8398747289
11164,8398747289,0,local,8398747289
8500,3552151798,0,local,8398747289
8876,3552151798,0,local,8398747289
93121,8398747289,0,local,8398747289
8615,3552151798,0,local,8398747289
56250,3552151798,0,local,8398747289
10693,3552151798,0,local,8398747289
9842,3552151798,0,local,8398747289
9968,3552151798,0,local,8398747289
10810,2006817287,0,local,8398747289
93825,110390230,0,local,8398747289
8606,3552151798,0,local,8398747289
9122,3552151798,0,local,8398747289
63424,110442078,0,local,8398747289
10565,3552151798,0,local,8398747289
15762,3552151798,0,local,8398747289
86441,110421919,0,local,8398747289
62917,110405674,0,local,8398747289
8780,3552151798,0,local,8398747289
58525,2006817311,0,local,8398747289
9493,3552151798,0,local,8398747289
9288,3552151798,0,local,8398747289
10706,3552151798,0,local,8398747289
10491,3552151798,0,local,8398747289
8171,8398747289,0,local,8398747289
9457,3552151798,0,local,8398747289
9661,3552151798,0,local,8398747289
10467,8398747289,0,local,8398747289
8421,3552151798,0,local,8398747289
9879,3552151798,0,local,8398747289
93411,110393348,0,local,8398747289
93530,110393315,0,local,8398747289
63078,8398747289,0,local,8398747289
10585,3552151798,0,local,8398747289
9751,3552151798,0,local,8398747289
155,110427844,0,local,8398747289
93158,110421919,0,local,8398747289
60092,2006817311,0,local,8398747289
8205,110371884,0,local,8398747289
11154,3552151798,0,local,8398747289
10600,3552151798,0,local,8398747289
8413,3552151798,0,local,8398747289
8936,3552151798,0,local,8398747289
93642,3552151798,0,local,8398747289
8945,3552151798,0,local,8398747289
10655,3552151798,0,local,8398747289
93548,110405733,0,local,8398747289
8840,3552151798,0,local,8398747289
94249,110393348,0,local,8398747289
9629,3552151798,0,local,8398747289
8140,8398747289,0,local,8398747289
64361,3552151798,0,local,8398747289
63110,8398747289,0,local,8398747289
8692,3552151798,0,local,8398747289
10725,3552151798,0,local,8398747289
93285,110427844,0,local,8398747289
8866,3552151798,0,local,8398747289
62820,8398747289,0,local,8398747289
8391,3552151798,0,local,8398747289
63530,8398747289,0,local,8398747289
60086,2006817311,0,local,8398747289
52143,3552151798,0,local,8398747289
10183,3552151798,0,local,8398747289
11053,8398747289,0,local,8398747289
8687,3552151798,0,local,8398747289
10381,3552151798,0,local,8398747289
11242,3552151798,0,local,8398747289
62951,8398747289,0,local,8398747289
10313,3552151798,0,local,8398747289
93566,2607367913,0,local,8398747289
10525,3552151798,0,local,8398747289
9409,3552151798,0,local,8398747289
10256,3552151798,0,local,8398747289
10620,3552151798,0,local,8398747289
8422,3552151798,0,local,8398747289
95569,8398747289,0,local,8398747289
8772,3552151798,0,local,8398747289
10610,3552151798,0,local,8398747289
56044,8398747289,0,local,8398747289
63297,110405674,0,local,8398747289
8454,3552151798,0,local,8398747289
10888,3552151798,0,local,8398747289
63006,8398747289,0,local,8398747289
10920,3552151798,0,local,8398747289
93404,2607367913,0,local,8398747289
93063,110421873,0,local,8398747289
9660,3552151798,0,local,8398747289
8412,3552151798,0,local,8398747289
9716,3552151798,0,local,8398747289
93279,2606393059,0,local,8398747289
10358,3552151798,0,local,8398747289
7967,8398747289,0,local,8398747289
9102,3552151798,0,local,8398747289
53564,3552151798,0,local,8398747289
93780,8280616022,0,local,8398747289
8713,8398747289,0,local,8398747289
8429,3552151798,0,local,8398747289
13973,3552151798,0,local,8398747289
31600,3552151798,0,local,8398747289
11361,3552151798,0,local,8398747289
93127,110405674,0,local,8398747289
10940,2006817287,0,local,8398747289
9922,3552151798,0,local,8398747289
94121,110377366,0,local,8398747289
9638,3552151798,0,local,8398747289
9204,3552151798,0,local,8398747289
9799,3552151798,0,local,8398747289
93351,2606393059,0,local,8398747289
10662,2006817287,0,local,8398747289
8479,3552151798,0,local,8398747289
93975,110450095,0,local,8398747289
63304,8398747289,0,local,8398747289
8051,3552151798,0,local,8398747289
9961,3552151798,0,local,8398747289
11249,3552151798,0,local,8398747289
11302,2006817287,0,local,8398747289
8465,3552151798,0,local,8398747289
10659,3552151798,0,local,8398747289
10415,3552151798,0,local,8398747289
60815,2006817311,0,local,8398747289
10430,3552151798,0,local,8398747289
93472,110393307,0,local,8398747289
8773,3552151798,0,local,8398747289
93205,2506294904,0,local,8398747289
9988,2006817287,0,local,8398747289
10631,3552151798,0,local,8398747289
8853,3552151798,0,local,8398747289
9268,3552151798,0,local,8398747289
10214,3552151798,0,local,8398747289
8483,3552151798,0,local,8398747289
9176,3552151798,0,local,8398747289
93860,110408705,0,local,8398747289
10035,3552151798,0,local,8398747289
93419,110405763,0,local,8398747289
11174,3552151798,0,local,8398747289
63220,110405674,0,local,8398747289
8817,3552151798,0,local,8398747289
8186,8398747289,0,local,8398747289
9286,3552151798,0,local,8398747289
60894,2006817311,0,local,8398747289
87853,2006817287,0,local,8398747289
27179,3552151798,0,local,8398747289
9164,3552151798,0,local,8398747289
8137,8398747289,0,local,8398747289
18315,110377366,0,local,8398747289
58558,2006817311,0,local,8398747289
93223,110450095,0,local,8398747289
9081,3552151798,0,local,8398747289
9610,3552151798,0,local,8398747289
8108,110405674,0,local,8398747289
93565,110405733,0,local,8398747289
86784,2006817311,0,local,8398747289
10001,2006817287,0,local,8398747289
11156,3552151798,0,local,8398747289
8519,3552151798,0,local,8398747289
8864,3552151798,0,local,8398747289
9960,3552151798,0,local,8398747289
9043,3552151798,0,local,8398747289
10369,2006817287,0,local,8398747289
53526,3552151798,0,local,8398747289
95616,110450095,0,local,8398747289
93230,110442478,0,local,8398747289
63091,8398747289,0,local,8398747289
93236,110410595,0,local,8398747289
9843,3552151798,0,local,8398747289
62935,8398747289,0,local,8398747289
8498,3552151798,0,local,8398747289
10231,3552151798,0,local,8398747289
1511,8398747289,0,local,8398747289
93785,8280616030,0,local,8398747289
8844,3552151798,0,local,8398747289
10649,3552151798,0,local,8398747289
10007,3552151798,0,local,8398747289
93583,1705290936,0,local,8398747289
93886,110442073,0,local,8398747289
11115,3552151798,0,local,8398747289
93094,110421437,0,local,8398747289
58467,3552151798,0,local,8398747289
62929,8398747289,0,local,8398747289
58527,2006817311,0,local,8398747289
10347,3552151798,0,local,8398747289
9207,3552151798,0,local,8398747289
9821,3552151798,0,local,8398747289
9519,3552151798,0,local,8398747289
8923,3552151798,0,local,8398747289
9220,3552151798,0,local,8398747289
8834,3552151798,0,local,8398747289
9217,3552151798,0,local,8398747289
10324,3552151798,0,local,8398747289
63301,110405674,0,local,8398747289
56253,8398747289,0,local,8398747289
10200,3552151798,0,local,8398747289
93805,110450095,0,local,8398747289
11100,3552151798,0,local,8398747289
9757,3552151798,0,local,8398747289
93159,110370198,0,local,8398747289
8821,3552151798,0,local,8398747289
94854,110377366,0,local,8398747289
63039,8398747289,0,local,8398747289
63077,8398747289,0,local,8398747289
11237,3552151798,0,local,8398747289
9451,3552151798,0,local,8398747289
11170,3552151798,0,local,8398747289
9224,3552151798,0,local,8398747289
93963,110442073,0,local,8398747289
9554,3552151798,0,local,8398747289
59886,2006817311,0,local,8398747289
93546,110371884,0,local,8398747289
9471,3552151798,0,local,8398747289
58540,2006817311,0,local,8398747289
8951,3552151798,0,local,8398747289
9295,3552151798,0,local,8398747289
62984,110405674,0,local,8398747289
8770,3552151798,0,local,8398747289
11196,3552151798,0,local,8398747289
93394,110442478,0,local,8398747289
93581,110409690,0,local,8398747289
9588,3552151798,0,local,8398747289
93384,110416523,0,local,8398747289
62932,8398747289,0,local,8398747289
94758,8398747289,0,local,8398747289
10307,3552151798,0,local,8398747289
10741,3552151798,0,local,8398747289
31622,3552151798,0,local,8398747289
63036,8398747289,0,local,8398747289
9148,3552151798,0,local,8398747289
8380,3552151798,0,local,8398747289
8582,3552151798,0,local,8398747289
9711,3552151798,0,local,8398747289
1377,8398747289,0,local,8398747289
93519,2618772538,0,local,8398747289
94270,110446110,0,local,8398747289
8232,3552151798,0,local,8398747289
10262,3552151798,0,local,8398747289
93970,110414648,0,local,8398747289
8540,3552151798,0,local,8398747289
59259,2006817311,0,local,8398747289
9523,3552151798,0,local,8398747289
95866,2006817311,0,local,8398747289
8021,3552151798,0,local,8398747289
11043,3552151798,0,local,8398747289
9046,3552151798,0,local,8398747289
16703,3552151798,0,local,8398747289
94719,3552151798,0,local,8398747289
8393,3552151798,0,local,8398747289
95871,2006817311,0,local,8398747289
10410,3552151798,0,local,8398747289
8034,3552151798,0,local,8398747289
7448,2613936043,0,local,8398747289
9736,3552151798,0,local,8398747289
7807,3552151798,0,local,8398747289
93308,110442478,0,local,8398747289
10765,3552151798,0,local,8398747289
10487,3552151798,0,local,8398747289
8829,3552151798,0,local,8398747289
10637,3552151798,0,local,8398747289
9147,3552151798,0,local,8398747289
9181,3552151798,0,local,8398747289
10831,3552151798,0,local,8398747289
9625,3552151798,0,local,8398747289
63072,3552151798,0,local,8398747289
8603,3552151798,0,local,8398747289
31621,3552151798,0,local,8398747289
95582,8398747289,0,local,8398747289
63119,110405674,0,local,8398747289
31572,110442478,0,local,8398747289
93788,110389269,0,local,8398747289
8766,3552151798,0,local,8398747289
9215,3552151798,0,local,8398747289
93804,2614058336,0,local,8398747289
56217,3552151798,0,local,8398747289
10019,3552151798,0,local,8398747289
94718,3552151798,0,local,8398747289
9142,3552151798,0,local,8398747289
9272,3552151798,0,local,8398747289
27515,110405674,0,local,8398747289
62491,2006817311,0,local,8398747289
9042,3552151798,0,local,8398747289
10808,3552151798,0,local,8398747289
10909,2006817287,0,local,8398747289
93417,110421919,0,local,8398747289
93103,110405696,0,local,8398747289
8486,3552151798,0,local,8398747289
63116,8398747289,0,local,8398747289
10492,3552151798,0,local,8398747289
10996,3552151798,0,local,8398747289
8142,8398747289,0,local,8398747289
71103,3552151798,0,local,8398747289
11188,3552151798,0,local,8398747289
93634,110359283,0,local,8398747289
10435,3552151798,0,local,8398747289
93467,2607367908,0,local,8398747289
8557,3552151798,0,local,8398747289
55042,8398747289,0,local,8398747289
8436,3552151798,0,local,8398747289
9506,3552151798,0,local,8398747289
93238,2393115846,0,local,8398747289
1045,110377358,0,local,8398747289
93271,110377371,0,local,8398747289
93748,2613936043,0,local,8398747289
9404,3552151798,0,local,8398747289
63469,8398747289,0,local,8398747289
93326,110442478,0,local,8398747289
10591,3552151798,0,local,8398747289
7561,2006817287,0,local,8398747289
8356,3552151798,0,local,8398747289
10639,3552151798,0,local,8398747289
9059,3552151798,0,local,8398747289
8510,3552151798,0,local,8398747289
9095,3552151798,0,local,8398747289
9079,3552151798,0,local,8398747289
93595,110414638,0,local,8398747289
95262,110390206,0,local,8398747289
10379,3552151798,0,local,8398747289
81533,110393315,0,local,8398747289
63041,8398747289,0,local,8398747289
9649,3552151798,0,local,8398747289
94577,2607367908,0,local,8398747289
9196,3552151798,0,local,8398747289
8543,3552151798,0,local,8398747289
8910,3552151798,0,local,8398747289
63535,110405674,0,local,8398747289
8544,3552151798,0,local,8398747289
51096,110405674,0,local,8398747289
93561,8280616030,0,local,8398747289
11262,3552151798,0,local,8398747289
9070,3552151798,0,local,8398747289
10886,3552151798,0,local,8398747289
62954,8398747289,0,local,8398747289
93965,110385113,0,local,8398747289
8648,3552151798,0,local,8398747289
9108,3552151798,0,local,8398747289
52080,3552151798,0,local,8398747289
93687,2606393059,0,local,8398747289
93420,110416526,0,local,8398747289
63228,110446110,0,local,8398747289
9979,3552151798,0,local,8398747289
59262,2006817311,0,local,8398747289
9328,3552151798,0,local,8398747289
93106,110442073,0,local,8398747289
8999,110409690,0,local,8398747289
10796,3552151798,0,local,8398747289
24241,3552151798,0,local,8398747289
10406,3552151798,0,local,8398747289
11409,3552151798,0,local,8398747289
63074,8398747289,0,local,8398747289
63312,110405674,0,local,8398747289
14594,8398747289,0,local,8398747289
63257,110405674,0,local,8398747289
90676,3552151798,0,local,8398747289
14573,8398747289,0,local,8398747289
9522,3552151798,0,local,8398747289
10457,3552151798,0,local,8398747289
94910,3552151798,0,local,8398747289
10224,3552151798,0,local,8398747289
10869,8398747289,0,local,8398747289
10494,3552151798,0,local,8398747289
93311,110410595,0,local,8398747289
64352,3552151798,0,local,8398747289
7981,110390211,0,local,8398747289
9205,3552151798,0,local,8398747289
8207,3552151798,0,local,8398747289
9160,3552151798,0,local,8398747289
7960,8398747289,0,local,8398747289
10612,3552151798,0,local,8398747289
93232,110408705,0,local,8398747289
63086,8398747289,0,local,8398747289
11211,3552151798,0,local,8398747289
8147,8398747289,0,local,8398747289
8607,3552151798,0,local,8398747289
59902,2006817311,0,local,8398747289
9888,3552151798,0,local,8398747289
8693,3552151798,0,local,8398747289
58861,2006817311,0,local,8398747289
11181,3552151798,0,local,8398747289
11289,8398747289,0,local,8398747289
10114,3552151798,0,local,8398747289
9565,3552151798,0,local,8398747289
8768,3552151798,0,local,8398747289
9097,3552151798,0,local,8398747289
88798,3552151798,0,local,8398747289
8838,3552151798,0,local,8398747289
94903,8398747289,0,local,8398747289
93918,110425794,0,local,8398747289
11272,3552151798,0,local,8398747289
11336,3552151798,0,local,8398747289
93067,110421919,0,local,8398747289
10559,3552151798,0,local,8398747289
93152,110377371,0,local,8398747289
10438,3552151798,0,local,8398747289
9531,3552151798,0,local,8398747289
12711,2006817311,0,local,8398747289
9868,3552151798,0,local,8398747289
51636,2606393059,0,local,8398747289
8158,8398747289,0,local,8398747289
61840,8398747289,0,local,8398747289
11186,3552151798,0,local,8398747289
10543,3552151798,0,local,8398747289
59781,2006817311,0,local,8398747289
94727,3552151798,0,local,8398747289
10139,3552151798,0,local,8398747289
86541,3552151798,0,local,8398747289
62915,8398747289,0,local,8398747289
22737,8398747289,0,local,8398747289
8468,3552151798,0,local,8398747289
8748,3552151798,0,local,8398747289
9829,3552151798,0,local,8398747289
10825,3552151798,0,local,8398747289
10483,3552151798,0,local,8398747289
63207,110405674,0,local,8398747289
9186,3552151798,0,local,8398747289
11109,3552151798,0,local,8398747289
9486,3552151798,0,local,8398747289
93837,110355652,0,local,8398747289
16472,3552151798,0,local,8398747289
94012,110371884,0,local,8398747289
9956,3552151798,0,local,8398747289
51284,110355759,0,local,8398747289
93070,110377371,0,local,8398747289
62031,3552151798,0,local,8398747289
9936,2006817287,0,local,8398747289
93206,110425771,0,local,8398747289
9992,2006817287,0,local,8398747289
27120,110405674,0,local,8398747289
8488,3552151798,0,local,8398747289
9109,3552151798,0,local,8398747289
93514,110409693,0,local,8398747289
8336,3552151798,0,local,8398747289
10443,3552151798,0,local,8398747289
9050,3552151798,0,local,8398747289
9944,2006817311,0,local,8398747289
94361,8398747289,0,local,8398747289
9115,3552151798,0,local,8398747289
12702,3552151798,0,local,8398747289
10099,3552151798,0,local,8398747289
9950,3552151798,0,local,8398747289
93133,110405674,0,local,8398747289
93567,110421919,0,local,8398747289
8333,3552151798,0,local,8398747289
86974,3552151798,0,local,8398747289
8198,8398747289,0,local,8398747289
9423,3552151798,0,local,8398747289
10537,3552151798,0,local,8398747289
9750,3552151798,0,local,8398747289
94103,110405763,0,local,8398747289
10323,3552151798,0,local,8398747289
88767,3552151798,0,local,8398747289
93211,110405674,0,local,8398747289
8405,3552151798,0,local,8398747289
93126,8156954911,0,local,8398747289
11073,3552151798,0,local,8398747289
10106,3552151798,0,local,8398747289
63038,8398747289,0,local,8398747289
8792,3552151798,0,local,8398747289
93298,110442478,0,local,8398747289
8851,3552151798,0,local,8398747289
93960,110405674,0,local,8398747289
59870,2006817311,0,local,8398747289
11096,3552151798,0,local,8398747289
9156,3552151798,0,local,8398747289
11241,3552151798,0,local,8398747289
94732,3552151798,0,local,8398747289
8898,3552151798,0,local,8398747289
9378,3552151798,0,local,8398747289
9559,3552151798,0,local,8398747289
10229,3552151798,0,local,8398747289
9670,3552151798,0,local,8398747289
11392,8398747289,0,local,8398747289
59270,2006817311,0,local,8398747289
8596,3552151798,0,local,8398747289
11393,8398747289,0,local,8398747289
94026,110409693,0,local,8398747289
93398,8398747289,0,local,8398747289
9940,3552151798,0,local,8398747289
9737,3552151798,0,local,8398747289
11476,3552151798,0,local,8398747289
9463,3552151798,0,local,8398747289
93824,110414638,0,local,8398747289
93233,110410595,0,local,8398747289
94734,3552151798,0,local,8398747289
9714,3552151798,0,local,8398747289
93600,110414638,0,local,8398747289
7995,8398747289,0,local,8398747289
93599,110371884,0,local,8398747289
9140,3552151798,0,local,8398747289
9310,3552151798,0,local,8398747289
94725,3552151798,0,local,8398747289
93789,110409690,0,local,8398747289
11382,3552151798,0,local,8398747289
10634,2006817287,0,local,8398747289
10368,3552151798,0,local,8398747289
10439,3552151798,0,local,8398747289
62920,8398747289,0,local,8398747289
8534,3552151798,0,local,8398747289
8188,8398747289,0,local,8398747289
9732,3552151798,0,local,8398747289
93371,110405733,0,local,8398747289
8212,3552151798,0,local,8398747289
10874,3552151798,0,local,8398747289
8428,3552151798,0,local,8398747289
93951,110377371,0,local,8398747289
11085,3552151798,0,local,8398747289
9330,3552151798,0,local,8398747289
62045,3552151798,0,local,8398747289
63076,8398747289,0,local,8398747289
62855,2006817311,0,local,8398747289
8154,8398747289,0,local,8398747289
9126,3552151798,0,local,8398747289
8906,3552151798,0,local,8398747289
11149,3552151798,0,local,8398747289
11498,3552151798,0,local,8398747289
94736,3552151798,0,local,8398747289
93927,110405733,0,local,8398747289
10713,3552151798,0,local,8398747289
93402,110446110,0,local,8398747289
63032,8398747289,0,local,8398747289
11346,3552151798,0,local,8398747289
8169,8398747289,0,local,8398747289
7937,110370198,0,local,8398747289
93282,110427844,0,local,8398747289
94224,110409690,0,local,8398747289
9256,3552151798,0,local,8398747289
93531,110393307,0,local,8398747289
63051,8398747289,0,local,8398747289
10188,3552151798,0,local,8398747289
11200,3552151798,0,local,8398747289
8593,3552151798,0,local,8398747289
11147,3552151798,0,local,8398747289
60069,2006817311,0,local,8398747289
9165,3552151798,0,local,8398747289
55045,8398747289,0,local,8398747289
93608,110389263,0,local,8398747289
9307,3552151798,0,local,8398747289
8824,3552151798,0,local,8398747289
9323,3552151798,0,local,8398747289
93097,110405772,0,local,8398747289
8535,3552151798,0,local,8398747289
10878,3552151798,0,local,8398747289
62083,3552151798,0,local,8398747289
94151,110408698,0,local,8398747289
8276,3552151798,0,local,8398747289
64363,3552151798,0,local,8398747289
60453,110405772,0,local,8398747289
93292,110405763,0,local,8398747289
9648,3552151798,0,local,8398747289
63075,8398747289,0,local,8398747289
8856,3552151798,0,local,8398747289
27527,3552151798,0,local,8398747289
93968,1705290936,0,local,8398747289
10498,3552151798,0,local,8398747289
11206,2006817287,0,local,8398747289
10641,3552151798,0,local,8398747289
9094,3552151798,0,local,8398747289
53798,110409690,0,local,8398747289
94340,3552151798,0,local,8398747289
10717,2006817287,0,local,8398747289
93589,1705290936,0,local,8398747289
9614,3552151798,0,local,8398747289
8934,3552151798,0,local,8398747289
84548,3552151798,0,local,8398747289
11420,3552151798,0,local,8398747289
93577,110390230,0,local,8398747289
11496,3552151798,0,local,8398747289
10879,3552151798,0,local,8398747289
10544,3552151798,0,local,8398747289
93749,2614020517,0,local,8398747289
10812,3552151798,0,local,8398747289
9970,3552151798,0,local,8398747289
11157,3552151798,0,local,8398747289
93887,2607367913,0,local,8398747289
8875,3552151798,0,local,8398747289
93123,110442476,0,local,8398747289
63050,8398747289,0,local,8398747289
9206,3552151798,0,local,8398747289
50787,3552151798,0,local,8398747289
63307,8398747289,0,local,8398747289
8029,3552151798,0,local,8398747289
11205,3552151798,0,local,8398747289
93323,110377352,0,local,8398747289
10926,3552151798,0,local,8398747289
8438,3552151798,0,local,8398747289
62956,8398747289,0,local,8398747289
9525,3552151798,0,local,8398747289
11093,3552151798,0,local,8398747289
62143,3552151798,0,local,8398747289
8707,8398747289,0,local,8398747289
10960,3552151798,0,local,8398747289
27312,3552151798,0,local,8398747289
8307,3552151798,0,local,8398747289
89299,3552151798,0,local,8398747289
9987,2006817287,0,local,8398747289
9495,3552151798,0,local,8398747289
9193,3552151798,0,local,8398747289
8575,3552151798,0,local,8398747289
10477,3552151798,0,local,8398747289
9497,3552151798,0,local,8398747289
93489,110393332,0,local,8398747289
8515,3552151798,0,local,8398747289
10088,3552151798,0,local,8398747289
93781,110446110,0,local,8398747289
9692,3552151798,0,local,8398747289
90906,110450095,0,local,8398747289
93098,110453827,0,local,8398747289
8871,3552151798,0,local,8398747289
93917,110377371,0,local,8398747289
9962,3552151798,0,local,8398747289
11141,3552151798,0,local,8398747289
9754,3552151798,0,local,8398747289
8194,8398747289,0,local,8398747289
10441,3552151798,0,local,8398747289
94140,8156990657,0,local,8398747289
63197,8398747289,0,local,8398747289
63189,8398747289,0,local,8398747289
93145,110377371,0,local,8398747289
9990,2006817287,0,local,8398747289
63387,110405674,0,local,8398747289
9517,3552151798,0,local,8398747289
9247,3552151798,0,local,8398747289
8653,3552151798,0,local,8398747289
63201,8398747289,0,local,8398747289
9795,3552151798,0,local,8398747289
9180,3552151798,0,local,8398747289
9384,3552151798,0,local,8398747289
9143,3552151798,0,local,8398747289
87074,2006817287,0,local,8398747289
93142,110377371,0,local,8398747289
59278,2006817311,0,local,8398747289
8396,3552151798,0,local,8398747289
9769,3552151798,0,local,8398747289
93660,2614020517,0,local,8398747289
93436,110414648,0,local,8398747289
8842,3552151798,0,local,8398747289
62106,2006817311,0,local,8398747289
8513,3552151798,0,local,8398747289
10117,3552151798,0,local,8398747289
8946,3552151798,0,local,8398747289
10912,8398747289,0,local,8398747289
9633,3552151798,0,local,8398747289
8152,8398747289,0,local,8398747289
10865,3552151798,0,local,8398747289
9139,3552151798,0,local,8398747289
63027,8398747289,0,local,8398747289
10751,8398747289,0,local,8398747289
94358,3552151798,0,local,8398747289
93592,110393315,0,local,8398747289
11265,3552151798,0,local,8398747289
9884,3552151798,0,local,8398747289
93191,110390211,0,local,8398747289
63467,110405674,0,local,8398747289
93543,110446110,0,local,8398747289
30940,8398747289,0,local,8398747289
10750,3552151798,0,local,8398747289
93750,110427847,0,local,8398747289
93560,1705290936,0,local,8398747289
84480,3552151798,0,local,8398747289
93277,110408705,0,local,8398747289
10421,3552151798,0,local,8398747289
8938,3552151798,0,local,8398747289
9290,3552151798,0,local,8398747289
94914,2006817311,0,local,8398747289
71276,110450095,0,local,8398747289
93615,110449953,0,local,8398747289
10785,3552151798,0,local,8398747289
93278,2606393059,0,local,8398747289
11366,3552151798,0,local,8398747289
63055,8398747289,0,local,8398747289
8328,3552151798,0,local,8398747289
93342,110416523,0,local,8398747289
93422,110390230,0,local,8398747289
93842,110405772,0,local,8398747289
8912,3552151798,0,local,8398747289
8384,3552151798,0,local,8398747289
8779,3552151798,0,local,8398747289
15101,110442478,0,local,8398747289
59778,2006817311,0,local,8398747289
89922,3552151798,0,local,8398747289
8897,3552151798,0,local,8398747289
8039,3552151798,0,local,8398747289
64110,3552151798,0,local,8398747289
8472,3552151798,0,local,8398747289
9144,3552151798,0,local,8398747289
8801,3552151798,0,local,8398747289
8185,8398747289,0,local,8398747289
60104,2006817311,0,local,8398747289
58878,2006817311,0,local,8398747289
10488,3552151798,0,local,8398747289
51570,2393115847,0,local,8398747289
10302,8398747289,0,local,8398747289
8375,3552151798,0,local,8398747289
90736,3552151798,0,local,8398747289
10790,3552151798,0,local,8398747289
63135,3552151798,0,local,8398747289
58557,2006817311,0,local,8398747289
63465,8398747289,0,local,8398747289
94359,110393332,0,local,8398747289
93234,110416526,0,local,8398747289
10946,3552151798,0,local,8398747289
63052,8398747289,0,local,8398747289
8530,3552151798,0,local,8398747289
59776,2006817311,0,local,8398747289
8503,3552151798,0,local,8398747289
93950,110389263,0,local,8398747289
8778,3552151798,0,local,8398747289
8284,3552151798,0,local,8398747289
62168,2006817311,0,local,8398747289
9283,3552151798,0,local,8398747289
9232,3552151798,0,local,8398747289
8762,3552151798,0,local,8398747289
10539,3552151798,0,local,8398747289
93944,110405674,0,local,8398747289
8444,3552151798,0,local,8398747289
8529,3552151798,0,local,8398747289
8426,3552151798,0,local,8398747289
9388,3552151798,0,local,8398747289
8886,3552151798,0,local,8398747289
10322,3552151798,0,local,8398747289
93806,2607367908,0,local,8398747289
56051,8398747289,0,local,8398747289
9508,3552151798,0,local,8398747289
63542,110405674,0,local,8398747289
63215,8398747289,0,local,8398747289
9547,3552151798,0,local,8398747289
8848,3552151798,0,local,8398747289
11489,3552151798,0,local,8398747289
11348,3552151798,0,local,8398747289
11455,3552151798,0,local,8398747289
8756,3552151798,0,local,8398747289
9333,3552151798,0,local,8398747289
11139,3552151798,0,local,8398747289
10434,3552151798,0,local,8398747289
8604,3552151798,0,local,8398747289
10489,3552151798,0,local,8398747289
95134,2006817311,0,local,8398747289
9211,3552151798,0,local,8398747289
10683,3552151798,0,local,8398747289
61862,2006817311,0,local,8398747289
63190,8398747289,0,local,8398747289
62959,8398747289,0,local,8398747289
8201,3552151798,0,local,8398747289
93362,110377366,0,local,8398747289
51535,110377371,0,local,8398747289
8332,3552151798,0,local,8398747289
9396,3552151798,0,local,8398747289
9528,3552151798,0,local,8398747289
1986,7353507152,0,local,8398747289
9978,3552151798,0,local,8398747289
8542,3552151798,0,local,8398747289
7988,8398747289,0,local,8398747289
10799,3552151798,0,local,8398747289
10126,3552151798,0,local,8398747289
9052,3552151798,0,local,8398747289
63029,8398747289,0,local,8398747289
9589,3552151798,0,local,8398747289
90942,3552151798,0,local,8398747289
95128,2006817311,0,local,8398747289
9876,3552151798,0,local,8398747289
8674,3552151798,0,local,8398747289
93120,110405674,0,local,8398747289
8414,3552151798,0,local,8398747289
93343,110416526,0,local,8398747289
62107,2006817311,0,local,8398747289
62488,2006817311,0,local,8398747289
8647,3552151798,0,local,8398747289
60521,2006817311,0,local,8398747289
11071,3552151798,0,local,8398747289
58556,2006817311,0,local,8398747289
10140,3552151798,0,local,8398747289
14611,110377371,0,local,8398747289
93393,2606393059,0,local,8398747289
88088,110421873,0,local,8398747289
62558,8398747289,0,local,8398747289
9622,3552151798,0,local,8398747289
10937,3552151798,0,local,8398747289
8776,8398747289,0,local,8398747289
8680,3552151798,0,local,8398747289
93822,2613936043,0,local,8398747289
95499,110390206,0,local,8398747289
10150,2006817287,0,local,8398747289
11189,3552151798,0,local,8398747289
11478,3552151798,0,local,8398747289
93955,110393332,0,local,8398747289
8408,3552151798,0,local,8398747289
8953,3552151798,0,local,8398747289
8506,3552151798,0,local,8398747289
93835,8280616022,0,local,8398747289
1347,3552151798,0,local,8398747289
56052,8398747289,0,local,8398747289
9346,3552151798,0,local,8398747289
10551,3552151798,0,local,8398747289
8177,8398747289,0,local,8398747289
9329,3552151798,0,local,8398747289
93628,110414648,0,local,8398747289
11485,8398747289,0,local,8398747289
9954,3552151798,0,local,8398747289
93154,110408705,0,local,8398747289
9989,3552151798,0,local,8398747289
11461,3552151798,0,local,8398747289
11114,2006817287,0,local,8398747289
9721,3552151798,0,local,8398747289
94133,110389269,0,local,8398747289
8677,3552151798,0,local,8398747289
94624,110405674,0,local,8398747289
9952,3552151798,0,local,8398747289
94034,110377371,0,local,8398747289
4870,3552151798,0,local,8398747289
53343,3552151798,0,local,8398747289
10495,3552151798,0,local,8398747289
10923,3552151798,0,local,8398747289
93423,110405763,0,local,8398747289
94746,110377371,0,local,8398747289
9136,3552151798,0,local,8398747289
59385,2006817311,0,local,8398747289
8141,8398747289,0,local,8398747289
9166,3552151798,0,local,8398747289
11183,3552151798,0,local,8398747289
19769,8398747289,0,local,8398747289
10560,3552151798,0,local,8398747289
9235,3552151798,0,local,8398747289
8423,3552151798,0,local,8398747289
8206,3552151798,0,local,8398747289
58735,2006817311,0,local,8398747289
52084,3552151798,0,local,8398747289
8254,3552151798,0,local,8398747289
8660,3552151798,0,local,8398747289
10578,3552151798,0,local,8398747289
10503,3552151798,0,local,8398747289
9456,3552151798,0,local,8398747289
63104,110405674,0,local,8398747289
9715,3552151798,0,local,8398747289
93694,110377371,0,local,8398747289
9280,3552151798,0,local,8398747289
11306,3552151798,0,local,8398747289
58924,3552151798,0,local,8398747289
9360,3552151798,0,local,8398747289
58859,2006817311,0,local,8398747289
9146,3552151798,0,local,8398747289
93609,110371884,0,local,8398747289
8926,3552151798,0,local,8398747289
9440,3552151798,0,local,8398747289
59747,2006817311,0,local,8398747289
8233,3552151798,0,local,8398747289
63202,110405674,0,local,8398747289
8651,3552151798,0,local,8398747289
10015,3552151798,0,local,8398747289
93266,110414638,0,local,8398747289
60294,2006817311,0,local,8398747289
56216,3552151798,0,local,8398747289
10789,3552151798,0,local,8398747289
8767,3552151798,0,local,8398747289
93616,110421919,0,local,8398747289
94721,3552151798,0,local,8398747289
10403,3552151798,0,local,8398747289
52775,3552151798,0,local,8398747289
7968,8398747289,0,local,8398747289
9643,3552151798,0,local,8398747289
93344,110442482,0,local,8398747289
9651,3552151798,0,local,8398747289
9092,3552151798,0,local,8398747289
93309,110410592,0,local,8398747289
9514,3552151798,0,local,8398747289
94068,110393315,0,local,8398747289
22808,3552151798,0,local,8398747289
10832,3552151798,0,local,8398747289
58877,2006817311,0,local,8398747289
93598,110425794,0,local,8398747289
8964,110450095,0,local,8398747289
8739,3552151798,0,local,8398747289
95615,2607367908,0,local,8398747289
9501,3552151798,0,local,8398747289
8793,3552151798,0,local,8398747289
9063,3552151798,0,local,8398747289
93130,2393115846,0,local,8398747289
10445,2006817287,0,local,8398747289
62947,110405674,0,local,8398747289
10876,110449953,0,local,8398747289
64022,8398747289,0,local,8398747289
9601,3552151798,0,local,8398747289
10704,3552151798,0,local,8398747289
8882,3552151798,0,local,8398747289
11357,2006817287,0,local,8398747289
43943,3552151798,0,local,8398747289
11243,3552151798,0,local,8398747289
9652,3552151798,0,local,8398747289
8360,3552151798,0,local,8398747289
9075,3552151798,0,local,8398747289
10820,3552151798,0,local,8398747289
9568,3552151798,0,local,8398747289
58724,3552151798,0,local,8398747289
10716,2006817287,0,local,8398747289
63233,110405674,0,local,8398747289
93801,8156983275,0,local,8398747289
59256,2006817311,0,local,8398747289
9901,3552151798,0,local,8398747289
10580,2006817287,0,local,8398747289
10234,3552151798,0,local,8398747289
10413,3552151798,0,local,8398747289
93551,110359283,0,local,8398747289
11360,2006817311,0,local,8398747289
8901,3552151798,0,local,8398747289
62973,8398747289,0,local,8398747289
12383,3552151798,0,local,8398747289
11497,3552151798,0,local,8398747289
86777,3552151798,0,local,8398747289
93601,110450095,0,local,8398747289
10684,3552151798,0,local,8398747289
94940,2006817311,0,local,8398747289
10783,3552151798,0,local,8398747289
93478,110359283,0,local,8398747289
11046,8398747289,0,local,8398747289
93803,8005590451,0,local,8398747289
2414,3552151798,0,local,8398747289
11177,3552151798,0,local,8398747289
9693,3552151798,0,local,8398747289
8895,3552151798,0,local,8398747289
8561,3552151798,0,local,8398747289
11082,110453827,0,local,8398747289
95617,8398747289,0,local,8398747289
10485,3552151798,0,local,8398747289
93576,110390230,0,local,8398747289
9511,3552151798,0,local,8398747289
93954,110389263,0,local,8398747289
93058,110408705,0,local,8398747289
9937,3552151798,0,local,8398747289
9556,3552151798,0,local,8398747289
93485,2394608732,0,local,8398747289
11300,2006817287,0,local,8398747289
10660,2006817287,0,local,8398747289
62968,8398747289,0,local,8398747289
11483,3552151798,0,local,8398747289
9973,3552151798,0,local,8398747289
59906,2006817311,0,local,8398747289
9313,3552151798,0,local,8398747289
93204,110449953,0,local,8398747289
93116,110370204,0,local,8398747289
9385,3552151798,0,local,8398747289
63192,8398747289,0,local,8398747289
10089,3552151798,0,local,8398747289
94386,3552151798,0,local,8398747289
59211,2006817311,0,local,8398747289
9953,3552151798,0,local,8398747289
62996,110377371,0,local,8398747289
10821,3552151798,0,local,8398747289
95661,110421919,0,local,8398747289
11075,3552151798,0,local,8398747289
9569,3552151798,0,local,8398747289
93372,110393332,0,local,8398747289
93545,110421919,0,local,8398747289
64142,3552151798,0,local,8398747289
9591,3552151798,0,local,8398747289
9066,3552151798,0,local,8398747289
8722,8398747289,0,local,8398747289
93969,110405732,0,local,8398747289
9560,3552151798,0,local,8398747289
10787,3552151798,0,local,8398747289
93811,110405674,0,local,8398747289
9374,8398747289,0,local,8398747289
93830,110449953,0,local,8398747289
8310,3552151798,0,local,8398747289
10401,3552151798,0,local,8398747289
30396,110425794,0,local,8398747289
10546,3552151798,0,local,8398747289
9943,3552151798,0,local,8398747289
93305,110416526,0,local,8398747289
63035,8398747289,0,local,8398747289
9734,3552151798,0,local,8398747289
62821,110359283,0,local,8398747289
60107,2006817311,0,local,8398747289
9314,3552151798,0,local,8398747289
8417,3552151798,0,local,8398747289
93953,110449953,0,local,8398747289
10835,2006817287,0,local,8398747289
93669,110408707,0,local,8398747289
8943,3552151798,0,local,8398747289
8193,8398747289,0,local,8398747289
11089,3552151798,0,local,8398747289
10988,3552151798,0,local,8398747289
9630,3552151798,0,local,8398747289
8764,3552151798,0,local,8398747289
93620,110371884,0,local,8398747289
10677,3552151798,0,local,8398747289
9908,3552151798,0,local,8398747289
62918,8398747289,0,local,8398747289
9904,3552151798,0,local,8398747289
10989,3552151798,0,local,8398747289
12425,3552151798,0,local,8398747289
9296,3552151798,0,local,8398747289
10199,3552151798,0,local,8398747289
11239,3552151798,0,local,8398747289
93929,1705290936,0,local,8398747289
8411,3552151798,0,local,8398747289
56223,3552151798,0,local,8398747289
93294,110393307,0,local,8398747289
11088,3552151798,0,local,8398747289
62923,8398747289,0,local,8398747289
55723,110389263,0,local,8398747289
93940,110389263,0,local,8398747289
8741,3552151798,0,local,8398747289
89529,110377366,0,local,8398747289
93150,8398747289,0,local,8398747289
12664,3552151798,0,local,8398747289
9449,3552151798,0,local,8398747289
8199,8398747289,0,local,8398747289
9854,3552151798,0,local,8398747289
25784,3552151798,0,local,8398747289
58882,2006817311,0,local,8398747289
93490,110393348,0,local,8398747289
63250,110405674,0,local,8398747289
10378,3552151798,0,local,8398747289
10509,3552151798,0,local,8398747289
59770,2006817311,0,local,8398747289
11386,2006817287,0,local,8398747289
9602,3552151798,0,local,8398747289
9085,3552151798,0,local,8398747289
10462,3552151798,0,local,8398747289
11464,8398747289,0,local,8398747289
58457,3552151798,0,local,8398747289
93119,8398747289,0,local,8398747289
8950,3552151798,0,local,8398747289
9626,3552151798,0,local,8398747289
64133,3552151798,0,local,8398747289
11417,8398747289,0,local,8398747289
15219,3552151798,0,local,8398747289
9145,3552151798,0,local,8398747289
8859,3552151798,0,local,8398747289
10332,3552151798,0,local,8398747289
10846,3552151798,0,local,8398747289
93540,110393348,0,local,8398747289
8914,3552151798,0,local,8398747289
14004,3552151798,0,local,8398747289
8183,8398747289,0,local,8398747289
63044,8398747289,0,local,8398747289
63317,8398747289,0,local,8398747289
9891,3552151798,0,local,8398747289
9039,3552151798,0,local,8398747289
70375,3552151798,0,local,8398747289
8645,3552151798,0,local,8398747289
8775,3552151798,0,local,8398747289
10605,2006817311,0,local,8398747289
58542,2006817311,0,local,8398747289
9549,3552151798,0,local,8398747289
93,1705290936,0,local,8398747289
58678,3552151798,0,local,8398747289
62921,110405674,0,local,8398747289
12428,110390230,0,local,8398747289
93212,2393115847,0,local,8398747289
93161,2606393059,0,local,8398747289
93148,110390211,0,local,8398747289
10658,3552151798,0,local,8398747289
11010,2006817287,0,local,8398747289
94005,110405674,0,local,8398747289
95868,2006817311,0,local,8398747289
10722,3552151798,0,local,8398747289
8554,3552151798,0,local,8398747289
93597,110371884,0,local,8398747289
61269,110371884,0,local,8398747289
10182,3552151798,0,local,8398747289
95135,2006817311,0,local,8398747289
22725,3552151798,0,local,8398747289
93115,110405696,0,local,8398747289
8841,3552151798,0,local,8398747289
9624,3552151798,0,local,8398747289
4338,8398747289,0,local,8398747289
15765,3552151798,0,local,8398747289
9524,3552151798,0,local,8398747289
11013,3552151798,0,local,8398747289
264,3552151798,0,local,8398747289
9913,3552151798,0,local,8398747289
8658,3552151798,0,local,8398747289
9566,3552151798,0,local,8398747289
10465,2006817287,0,local,8398747289
93816,110442073,0,local,8398747289
60843,2006817311,0,local,8398747289
93104,110385113,0,local,8398747289
11012,8398747289,0,local,8398747289
11159,3552151798,0,local,8398747289
63543,110405674,0,local,8398747289
16497,3552151798,0,local,8398747289
9312,3552151798,0,local,8398747289
11142,3552151798,0,local,8398747289
8043,3552151798,0,local,8398747289
58564,2006817311,0,local,8398747289
64354,3552151798,0,local,8398747289
10356,3552151798,0,local,8398747289
11399,3552151798,0,local,8398747289
8533,3552151798,0,local,8398747289
9473,3552151798,0,local,8398747289
93110,2614020519,0,local,8398747289
8226,3552151798,0,local,8398747289
11281,3552151798,0,local,8398747289
9822,3552151798,0,local,8398747289
56279,3552151798,0,local,8398747289
9269,3552151798,0,local,8398747289
63216,110405674,0,local,8398747289
8311,3552151798,0,local,8398747289
93572,2394608732,0,local,8398747289
94728,3552151798,0,local,8398747289
9946,2006817287,0,local,8398747289
432,3552151798,0,local,8398747289
9951,3552151798,0,local,8398747289
94102,110393348,0,local,8398747289
93702,3552151798,0,local,8398747289
8924,3552151798,0,local,8398747289
8390,3552151798,0,local,8398747289
58473,3552151798,0,local,8398747289
10387,3552151798,0,local,8398747289
93554,110389263,0,local,8398747289
8642,3552151798,0,local,8398747289
8909,3552151798,0,local,8398747289
58881,2006817311,0,local,8398747289
35185,110410595,0,local,8398747289
30332,8398747289,0,local,8398747289
63105,8398747289,0,local,8398747289
93175,2614020517,0,local,8398747289
9152,3552151798,0,local,8398747289
62986,8398747289,0,local,8398747289
10096,8398747289,0,local,8398747289
93257,110393307,0,local,8398747289
61322,2006817311,0,local,8398747289
9218,3552151798,0,local,8398747289
63503,110405674,0,local,8398747289
63112,110390230,0,local,8398747289
93605,110421919,0,local,8398747289
10657,3552151798,0,local,8398747289
10226,3552151798,0,local,8398747289
8402,3552151798,0,local,8398747289
60524,2006817311,0,local,8398747289
62534,3552151798,0,local,8398747289
93388,110410595,0,local,8398747289
94236,110377371,0,local,8398747289
51963,3552151798,0,local,8398747289
9069,3552151798,0,local,8398747289
10204,2006817311,0,local,8398747289
93981,2393115846,0,local,8398747289
55011,110405674,0,local,8398747289
63311,110405674,0,local,8398747289
9048,3552151798,0,local,8398747289
11191,3552151798,0,local,8398747289
9752,3552151798,0,local,8398747289
9986,3552151798,0,local,8398747289
9627,3552151798,0,local,8398747289
10392,2006817287,0,local,8398747289
63303,110405674,0,local,8398747289
9281,3552151798,0,local,8398747289
11179,3552151798,0,local,8398747289
8791,3552151798,0,local,8398747289
10432,3552151798,0,local,8398747289
10740,3552151798,0,local,8398747289
94250,2613936043,0,local,8398747289
55463,110393307,0,local,8398747289
9264,3552151798,0,local,8398747289
9469,3552151798,0,local,8398747289
9297,3552151798,0,local,8398747289
11020,3552151798,0,local,8398747289
57870,110414638,0,local,8398747289
11182,3552151798,0,local,8398747289
9107,3552151798,0,local,8398747289
9798,3552151798,0,local,8398747289
8643,3552151798,0,local,8398747289
10186,3552151798,0,local,8398747289
9617,3552151798,0,local,8398747289
93760,7353507152,0,local,8398747289
10685,3552151798,0,local,8398747289
59298,3552151798,0,local,8398747289
93587,110405763,0,local,8398747289
9279,3552151798,0,local,8398747289
93573,110359283,0,local,8398747289
8399,3552151798,0,local,8398747289
10601,3552151798,0,local,8398747289
86485,2607367913,0,local,8398747289
9957,3552151798,0,local,8398747289
10239,3552151798,0,local,8398747289
93782,110390230,0,local,8398747289
11234,3552151798,0,local,8398747289
10872,3552151798,0,local,8398747289
10866,3552151798,0,local,8398747289
9315,3552151798,0,local,8398747289
8403,3552151798,0,local,8398747289
93494,110405733,0,local,8398747289
10444,3552151798,0,local,8398747289
93122,8398747289,0,local,8398747289
94131,110425794,0,local,8398747289
8750,3552151798,0,local,8398747289
93190,110421873,0,local,8398747289
94203,110425794,0,local,8398747289
14583,110449953,0,local,8398747289
93864,110377361,0,local,8398747289
93470,110393332,0,local,8398747289
9830,3552151798,0,local,8398747289
9044,3552151798,0,local,8398747289
10593,2006817287,0,local,8398747289
93350,2393115846,0,local,8398747289
9958,2006817311,0,local,8398747289
8618,3552151798,0,local,8398747289
10320,3552151798,0,local,8398747289
95143,8398747289,0,local,8398747289
93466,2607367908,0,local,8398747289
11277,2006817287,0,local,8398747289
10013,8398747289,0,local,8398747289
9227,3552151798,0,local,8398747289
10107,3552151798,0,local,8398747289
11391,3552151798,0,local,8398747289
93406,110409690,0,local,8398747289
9158,3552151798,0,local,8398747289
8502,3552151798,0,local,8398747289
11158,3552151798,0,local,8398747289
8378,3552151798,0,local,8398747289
63056,8398747289,0,local,8398747289
10476,2006817287,0,local,8398747289
63194,110405674,0,local,8398747289
9157,3552151798,0,local,8398747289
8731,8398747289,0,local,8398747289
58454,3552151798,0,local,8398747289
8420,3552151798,0,local,8398747289
84880,3552151798,0,local,8398747289
8409,3552151798,0,local,8398747289
11471,3552151798,0,local,8398747289
11433,3552151798,0,local,8398747289
93550,110371884,0,local,8398747289
93656,110377366,0,local,8398747289
8358,3552151798,0,local,8398747289
26788,3552151798,0,local,8398747289
11098,8398747289,0,local,8398747289
93117,110370204,0,local,8398747289
10065,3552151798,0,local,8398747289
8451,3552151798,0,local,8398747289
31286,3552151798,0,local,8398747289
63085,110405674,0,local,8398747289
93341,110416523,0,local,8398747289
9708,3552151798,0,local,8398747289
93334,110408705,0,local,8398747289
10604,3552151798,0,local,8398747289
94909,3552151798,0,local,8398747289
9964,3552151798,0,local,8398747289
10538,3552151798,0,local,8398747289
16819,3552151798,0,local,8398747289
8456,3552151798,0,local,8398747289
9040,3552151798,0,local,8398747289
63195,8398747289,0,local,8398747289
63099,8398747289,0,local,8398747289
93114,110449953,0,local,8398747289
9615,3552151798,0,local,8398747289
8669,3552151798,0,local,8398747289
93415,110377366,0,local,8398747289
9827,3552151798,0,local,8398747289
58472,3552151798,0,local,8398747289
10766,3552151798,0,local,8398747289
94109,110393307,0,local,8398747289
94120,2506294904,0,local,8398747289
9871,3552151798,0,local,8398747289
10983,3552151798,0,local,8398747289
58466,3552151798,0,local,8398747289
94089,110425794,0,local,8398747289
9369,3552151798,0,local,8398747289
16705,3552151798,0,local,8398747289
62939,8398747289,0,local,8398747289
10739,3552151798,0,local,8398747289
93787,110442078,0,local,8398747289
59958,2006817311,0,local,8398747289
94118,1705290936,0,local,8398747289
10416,3552151798,0,local,8398747289
63015,8398747289,0,local,8398747289
8655,3552151798,0,local,8398747289
93214,110377366,0,local,8398747289
62981,8398747289,0,local,8398747289
93819,110390211,0,local,8398747289
10395,3552151798,0,local,8398747289
8106,110442478,0,local,8398747289
4176,110409690,0,local,8398747289
8496,3552151798,0,local,8398747289
85390,110377366,0,local,8398747289
10708,3552151798,0,local,8398747289
93516,110389263,0,local,8398747289
8406,3552151798,0,local,8398747289
8471,3552151798,0,local,8398747289
93346,110377361,0,local,8398747289
9289,3552151798,0,local,8398747289
10781,3552151798,0,local,8398747289
62942,8398747289,0,local,8398747289
63511,110405674,0,local,8398747289
9182,3552151798,0,local,8398747289
9104,3552151798,0,local,8398747289
11283,3552151798,0,local,8398747289
93542,110393332,0,local,8398747289
54976,110405674,0,local,8398747289
10181,3552151798,0,local,8398747289
80452,110377371,0,local,8398747289
59382,2006817311,0,local,8398747289
25989,3552151798,0,local,8398747289
10682,3552151798,0,local,8398747289
86438,110405732,0,local,8398747289
10258,3552151798,0,local,8398747289
31614,3552151798,0,local,8398747289
4337,8398747289,0,local,8398747289
10661,3552151798,0,local,8398747289
93575,110359283,0,local,8398747289
10167,2006817287,0,local,8398747289
56249,3552151798,0,local,8398747289
9933,3552151798,0,local,8398747289
60073,2006817311,0,local,8398747289
10414,3552151798,0,local,8398747289
93562,8280616022,0,local,8398747289
9645,3552151798,0,local,8398747289
8424,3552151798,0,local,8398747289
11091,3552151798,0,local,8398747289
14616,110393307,0,local,8398747289
9316,3552151798,0,local,8398747289
11299,3552151798,0,local,8398747289
84534,3552151798,0,local,8398747289
82319,3552151798,0,local,8398747289
8184,8398747289,0,local,8398747289
9712,3552151798,0,local,8398747289
9444,3552151798,0,local,8398747289
11175,3552151798,0,local,8398747289
93978,110393315,0,local,8398747289
10845,3552151798,0,local,8398747289
11456,2006817287,0,local,8398747289
58559,2006817311,0,local,8398747289
10829,3552151798,0,local,8398747289
8634,3552151798,0,local,8398747289
10707,3552151798,0,local,8398747289
10842,3552151798,0,local,8398747289
93330,110405772,0,local,8398747289
10588,3552151798,0,local,8398747289
8681,3552151798,0,local,8398747289
93296,110410592,0,local,8398747289
9984,3552151798,0,local,8398747289
8162,8398747289,0,local,8398747289
14661,110405674,0,local,8398747289
8473,3552151798,0,local,8398747289
93108,110370696,0,local,8398747289
93140,110421873,0,local,8398747289
93544,110393332,0,local,8398747289
10184,3552151798,0,local,8398747289
93482,2394608732,0,local,8398747289
8334,3552151798,0,local,8398747289
62948,110405674,0,local,8398747289
93310,110408705,0,local,8398747289
10247,3552151798,0,local,8398747289
9225,3552151798,0,local,8398747289
88774,3552151798,0,local,8398747289
55322,8398747289,0,local,8398747289
8458,3552151798,0,local,8398747289
93215,8156954911,0,local,8398747289
8845,3552151798,0,local,8398747289
10330,3552151798,0,local,8398747289
59884,2006817311,0,local,8398747289
9861,3552151798,0,local,8398747289
93082,2606393059,0,local,8398747289
11197,3552151798,0,local,8398747289
84540,3552151798,0,local,8398747289
8577,3552151798,0,local,8398747289
26981,110405674,0,local,8398747289
62906,110405674,0,local,8398747289
93603,2613936043,0,local,8398747289
59210,2006817311,0,local,8398747289
11229,3552151798,0,local,8398747289
9234,3552151798,0,local,8398747289
64098,3552151798,0,local,8398747289
8854,3552151798,0,local,8398747289
62165,2006817311,0,local,8398747289
10746,3552151798,0,local,8398747289
93217,110450095,0,local,8398747289
10839,3552151798,0,local,8398747289
10328,3552151798,0,local,8398747289
10711,3552151798,0,local,8398747289
93242,110410595,0,local,8398747289
95142,8398747289,0,local,8398747289
10502,3552151798,0,local,8398747289
9717,3552151798,0,local,8398747289
8732,8398747289,0,local,8398747289
93778,2506294904,0,local,8398747289
8159,8398747289,0,local,8398747289
58860,2006817311,0,local,8398747289
86779,3552151798,0,local,8398747289
8180,8398747289,0,local,8398747289
9041,3552151798,0,local,8398747289
94027,110409690,0,local,8398747289
93386,8156990657,0,local,8398747289
11275,3552151798,0,local,8398747289
8578,3552151798,0,local,8398747289
10026,3552151798,0,local,8398747289
24141,3552151798,0,local,8398747289
59961,2006817311,0,local,8398747289
8883,3552151798,0,local,8398747289
94237,110442476,0,local,8398747289
8617,3552151798,0,local,8398747289
9654,3552151798,0,local,8398747289
87506,3552151798,0,local,8398747289
93089,110370696,0,local,8398747289
95115,2006817311,0,local,8398747289
93549,110371884,0,local,8398747289
9817,3552151798,0,local,8398747289
93325,110442478,0,local,8398747289
10844,3552151798,0,local,8398747289
8388,3552151798,0,local,8398747289
93834,110442478,0,local,8398747289
9596,3552151798,0,local,8398747289
9210,3552151798,0,local,8398747289
9448,3552151798,0,local,8398747289
8955,3552151798,0,local,8398747289
9494,3552151798,0,local,8398747289
9794,3552151798,0,local,8398747289
95597,2006817287,0,local,8398747289
93172,110377366,0,local,8398747289
8191,8398747289,0,local,8398747289
63693,110377361,0,local,8398747289
93276,110377371,0,local,8398747289
9653,3552151798,0,local,8398747289
10333,3552151798,0,local,8398747289
93527,110389263,0,local,8398747289
91823,2006817311,0,local,8398747289
93414,110442478,0,local,8398747289
9202,3552151798,0,local,8398747289
62912,8398747289,0,local,8398747289
93612,110405763,0,local,8398747289
93443,110442478,0,local,8398747289
9580,3552151798,0,local,8398747289
94128,2607367908,0,local,8398747289
63205,110405674,0,local,8398747289
63058,8398747289,0,local,8398747289
8636,3552151798,0,local,8398747289
10437,3552151798,0,local,8398747289
62961,8398747289,0,local,8398747289
9676,3552151798,0,local,8398747289
9909,3552151798,0,local,8398747289
60265,2006817311,0,local,8398747289
